country,code,year,ncd_mortality_rate,gdp_per_capita,health_expenditure_per_capita,urban_population_pct
Global Average,GLOBAL,2000,643.7171428571429,,,
Albania,ALB,2000,639.6,6581.9893,223.93237,41.613583
Algeria,DZA,2000,595.8,11558.221,295.3427,59.852123
Angola,AGO,2000,812.8,6794.5303,63.408127,50.507065
Antigua and Barbuda,ATG,2000,552.1,25547.611,831.9423,32.23261
Argentina,ARG,2000,528.1,22281.38,1056.909,89.176025
Armenia,ARM,2000,735.4,4589.0083,109.42862,64.959236
Australia,AUS,2000,385.9,45099.074,2138.4631,85.10716
Austria,AUT,2000,453.1,53534.266,2746.288,66.76903
Azerbaijan,AZE,2000,909.0,5656.9297,98.193245,51.132084
Bahamas,BHS,2000,575.6,34597.164,969.62775,81.03612
Bahrain,BHR,2000,1044.0,57968.996,1451.1981,87.835625
Bangladesh,BGD,2000,635.8,2712.935,27.290556,23.314512
Barbados,BRB,2000,524.4,21315.768,803.8305,62.53794
Belarus,BLR,2000,848.5,11182.455,316.6208,69.91723
Belgium,BEL,2000,443.9,50455.734,2225.4592,82.01525
Belize,BLZ,2000,616.2,11363.687,222.03978,47.683685
Benin,BEN,2000,646.5,2536.169,49.458324,38.27595
Bhutan,BTN,2000,571.6,5287.574,123.36896,27.591524
Bolivia (Plurinational State of),BOL,2000,620.4,7492.4336,147.64902,61.85872
Bosnia and Herzegovina,BIH,2000,561.9,7830.502,378.34717,42.55399
Botswana,BWA,2000,606.7,13185.817,574.94354,53.204773
Brazil,BRA,2000,585.4,14005.348,757.7606,81.14844
Brunei Darussalam,BRN,2000,563.5,100323.44,1884.5171,71.22468
Bulgaria,BGR,2000,793.1,12563.836,373.48297,68.263145
Burkina Faso,BFA,2000,688.6,1428.574,36.048855,18.00035
Burundi,BDI,2000,879.4,1030.3224,21.913599,8.043815
Cabo Verde,CPV,2000,453.9,4510.1357,129.44594,53.933216
Cambodia,KHM,2000,783.8,1922.0317,81.381386,18.624222
Cameroon,CMR,2000,670.2,3822.9443,90.57531,46.244984
Canada,CAN,2000,411.3,48399.285,2405.6714,78.6293
Central African Republic,CAF,2000,951.1,1245.814,26.51963,37.70149
Chad,TCD,2000,662.7,1506.7158,44.517326,21.65277
Chile,CHL,2000,458.0,17529.42,656.3107,86.27109
China,CHN,2000,731.3,4065.8672,130.1874,36.432022
Colombia,COL,2000,497.6,10813.494,378.43405,74.34936
Comoros,COM,2000,735.7,2917.8716,132.28624,28.03605
Congo,COG,2000,1010.0,7570.583,56.886585,58.894737
Costa Rica,CRI,2000,401.0,14025.69,532.12585,59.046238
Cote d'Ivoire,CIV,2000,564.8,4838.376,98.5456,43.084007
Croatia,HRV,2000,600.1,21302.412,843.35565,55.68183
Cuba,CUB,2000,450.5,,548.7671,75.63538
Cyprus,CYP,2000,437.0,36121.664,1135.9104,68.7727
Czechia,CZE,2000,602.7,29427.406,923.63257,74.00382
Democratic Republic of the Congo,COD,2000,717.4,981.42206,6.1063933,34.900875
Denmark,DNK,2000,512.4,57585.9,2322.8408,85.1
Djibouti,DJI,2000,587.5,,74.99421,73.34863
Dominican Republic,DOM,2000,407.8,10896.318,319.65756,61.312855
Ecuador,ECU,2000,510.7,9183.052,204.71307,60.6865
Egypt,EGY,2000,757.4,9981.628,282.16122,42.73394
El Salvador,SLV,2000,476.8,7545.4478,346.87344,56.563858
Equatorial Guinea,GNQ,2000,750.5,11767.471,89.69993,38.81546
Eritrea,ERI,2000,940.1,,75.5269,34.098362
Estonia,EST,2000,707.4,20526.66,485.6877,67.38553
Eswatini,SWZ,2000,816.6,6106.0747,209.92558,22.840933
Ethiopia,ETH,2000,663.6,810.27075,20.676296,14.91931
Fiji,FJI,2000,1138.0,9070.993,209.31995,48.064987
Finland,FIN,2000,450.8,46968.84,1899.9579,67.12277
France,FRA,2000,392.4,45922.48,2516.148,76.5144
Gabon,GAB,2000,707.4,21717.225,387.07663,79.56604
Gambia,GMB,2000,656.5,2658.6177,323.18695,46.972233
Georgia,GEO,2000,739.1,5706.2725,217.03049,52.4936
Germany,DEU,2000,462.2,49955.645,2682.2317,80.094215
Ghana,GHA,2000,622.3,3327.352,43.741863,43.937378
Greece,GRC,2000,452.4,31386.64,1417.761,72.66564
Grenada,GRD,2000,690.8,11625.051,391.4704,35.870235
Guatemala,GTM,2000,480.4,8770.408,272.53967,43.243477
Guinea,GIN,2000,606.9,2358.2876,52.42739,30.923111
Guinea-Bissau,GNB,2000,855.6,1974.7446,42.4808,36.841206
Guyana,GUY,2000,822.3,8025.2935,156.99382,28.76104
Haiti,HTI,2000,934.7,3237.5308,88.95417,36.84085
Honduras,HND,2000,553.7,4579.6895,162.18399,45.323334
Hungary,HUN,2000,772.3,22117.92,802.6766,64.26023
Iceland,ISL,2000,390.4,50227.84,2649.744,91.96742
India,IND,2000,527.8,3010.4216,85.84422,27.647041
Indonesia,IDN,2000,672.2,6056.382,93.49309,41.986153
Iran (Islamic Republic of),IRN,2000,535.9,11643.122,481.85583,64.47801
Ireland,IRL,2000,514.8,53582.832,1795.0895,59.1248
Israel,ISR,2000,427.9,33278.543,1749.666,91.28097
Italy,ITA,2000,411.7,50353.42,2049.405,67.19323
Jamaica,JAM,2000,585.1,9667.925,386.43457,51.716557
Japan,JPN,2000,290.1,39731.797,1916.7474,78.61268
Jordan,JOR,2000,655.8,8781.609,543.50104,78.28483
Kazakhstan,KAZ,2000,966.8,12935.864,308.6208,56.02396
Kenya,KEN,2000,427.1,3756.6362,75.54699,19.455383
Kiribati,KIR,2000,1098.0,2481.7332,127.12506,43.32748
Kuwait,KWT,2000,441.9,60585.3,1293.5605,99.0
Kyrgyzstan,KGZ,2000,903.7,3638.4631,80.11238,35.321606
Lao People's Democratic Republic,LAO,2000,865.6,2899.0195,79.467926,22.184097
Latvia,LVA,2000,726.2,14554.213,434.2741,68.052055
Lebanon,LBN,2000,502.7,11571.732,847.5885,86.0
Lesotho,LSO,2000,689.3,1932.158,68.1662,19.327398
Liberia,LBR,2000,608.5,1868.1798,33.62098,43.771004
Libya,LBY,2000,504.7,17747.02,706.2184,86.95085
Lithuania,LTU,2000,636.6,15777.43,521.7993,66.97684
Luxembourg,LUX,2000,434.7,114148.35,3286.6401,84.41821
Madagascar,MDG,2000,753.5,1701.4432,49.329865,25.009575
Malawi,MWI,2000,720.6,1239.3917,29.31855,14.67706
Malaysia,MYS,2000,595.4,18532.91,356.78702,61.969456
Maldives,MDV,2000,762.8,13738.281,846.87286,27.603859
Mali,MLI,2000,663.2,2187.719,58.67031,18.97763
Malta,MLT,2000,471.8,31068.078,1210.7847,93.278336
Mauritania,MRT,2000,553.4,5008.608,80.18176,38.055584
Mauritius,MUS,2000,740.1,13373.656,262.4829,42.06312
Mexico,MEX,2000,482.0,20470.494,496.77673,74.92031
Micronesia (Federated States of),FSM,2000,1056.0,3563.8918,161.80223,22.33
Mongolia,MNG,2000,1052.0,5818.243,221.03589,56.730545
Morocco,MAR,2000,628.6,5100.1157,143.24443,53.587246
Mozambique,MOZ,2000,570.8,711.9764,10.112074,29.24237
Myanmar,MMR,2000,847.1,1359.9304,20.142036,27.534607
Namibia,NAM,2000,663.0,7858.3877,517.33856,32.116894
Nepal,NPL,2000,494.4,2340.8157,47.05782,31.099424
Netherlands (Kingdom of the),NLD,2000,464.9,56016.832,2466.1174,78.48268
New Zealand,NZL,2000,430.5,35984.63,1606.1543,85.70596
Nicaragua,NIC,2000,374.7,4878.2476,147.01437,55.216072
Niger,NER,2000,555.9,1197.6348,35.491173,16.130768
Nigeria,NGA,2000,570.4,4889.0034,74.814064,43.278503
North Macedonia,MKD,2000,738.8,11988.245,537.5307,58.491837
Norway,NOR,2000,430.4,76775.945,2856.8936,76.133896
Oman,OMN,2000,696.9,42086.043,1059.0186,71.540085
Pakistan,PAK,2000,769.0,3531.713,63.637302,33.00469
Panama,PAN,2000,415.6,14572.98,612.4479,62.216537
Papua New Guinea,PNG,2000,707.4,3327.2249,41.73417,13.2228775
Paraguay,PRY,2000,430.5,9997.33,417.52457,57.51412
Peru,PER,2000,339.6,7668.0605,215.48286,72.772484
Philippines,PHL,2000,535.2,4740.439,102.82193,39.138416
Poland,POL,2000,640.1,18566.355,564.33344,61.745914
Portugal,PRT,2000,486.2,35069.83,1630.2719,54.405163
Qatar,QAT,2000,948.4,98028.52,1784.6598,96.29427
Republic of Korea,KOR,2000,521.7,26404.158,718.4442,79.57996
Republic of Moldova,MDA,2000,1093.0,5727.079,124.54022,40.4186
Romania,ROU,2000,737.3,14853.606,246.02608,52.861954
Russian Federation,RUS,2000,938.2,20104.75,366.79816,73.15682
Rwanda,RWA,2000,1048.0,1055.3505,21.780453,15.780447
Saint Lucia,LCA,2000,587.6,18638.117,452.79962,27.853228
Saint Vincent and the Grenadines,VCT,2000,608.6,9999.059,271.34143,44.890312
Samoa,WSM,2000,811.6,4639.189,134.44733,21.95297
Sao Tome and Principe,STP,2000,615.8,3852.8904,163.70549,52.966343
Saudi Arabia,SAU,2000,781.4,55962.266,2050.5916,79.97049
Senegal,SEN,2000,653.7,3093.2878,69.69929,40.666756
Serbia,SRB,2000,822.1,11105.949,371.95096,55.59231
Seychelles,SYC,2000,636.5,20633.674,617.63245,43.397423
Sierra Leone,SLE,2000,621.3,1981.5061,87.05183,35.532787
Singapore,SGP,2000,404.0,68904.125,1461.0946,100.0
Slovakia,SVK,2000,675.1,18335.684,602.2163,56.10589
Slovenia,SVN,2000,518.1,30061.207,1405.8325,50.697502
Solomon Islands,SLB,2000,880.0,2277.1135,61.253857,15.752359
South Africa,ZAF,2000,558.1,11183.825,593.92084,56.258995
Spain,ESP,2000,410.2,39945.9,1471.2894,76.165054
Sri Lanka,LKA,2000,606.5,6428.6133,171.67679,14.61969
Sudan,SDN,2000,684.5,3575.852,101.11772,32.34359
Suriname,SUR,2000,567.4,16220.179,487.98175,66.70152
Sweden,SWE,2000,404.7,47868.508,2172.9934,84.04
Switzerland,CHE,2000,381.1,68834.82,3352.0095,73.30243
Syrian Arab Republic,SYR,2000,835.6,7973.9814,187.16083,51.876812
Tajikistan,TJK,2000,764.4,1365.2333,44.692226,26.535511
Thailand,THA,2000,459.9,11623.787,226.05362,31.462622
Togo,TGO,2000,747.7,2321.9504,41.871784,33.099483
Tonga,TON,2000,719.2,5809.0093,98.422615,23.025152
Trinidad and Tobago,TTO,2000,664.0,19637.555,601.0765,55.929146
Tunisia,TUN,2000,535.6,9134.415,300.6192,63.616665
Turkmenistan,TKM,2000,829.5,5064.2876,171.90732,46.07367
Türkiye,TUR,2000,579.7,14856.915,428.14746,58.97061
Uganda,UGA,2000,724.7,1487.005,48.10636,11.641476
Ukraine,UKR,2000,882.4,10364.0625,224.07414,67.403854
United Arab Emirates,ARE,2000,407.3,95390.836,2158.7812,79.287094
United Kingdom of Great Britain and Northern Ireland,GBR,2000,447.4,43818.348,1895.9244,79.82414
United Republic of Tanzania,TZA,2000,502.1,1839.9366,35.72094,22.194416
United States of America,USA,2000,486.2,55045.676,4548.5547,79.07409
Uruguay,URY,2000,525.8,18752.05,1093.6101,91.27698
Uzbekistan,UZB,2000,1329.0,3430.8838,159.59166,47.6731
Vanuatu,VUT,2000,1030.0,3805.6223,72.95212,21.65725
Viet Nam,VNM,2000,558.7,4349.2236,107.37561,24.367252
Yemen,YEM,2000,778.9,,122.418495,26.605486
Zambia,ZMB,2000,669.0,2220.5654,70.395775,35.873547
"occupied Palestinian territory, including east Jerusalem",PSE,2000,775.2,4520.89,232.88988,72.069435
Global Average,GLOBAL,2001,633.3925714285714,,,
Albania,ALB,2001,469.8,7232.9604,247.7545,42.354515
Algeria,DZA,2001,588.7,11742.595,337.48615,60.617718
Angola,AGO,2001,785.0,6846.7925,153.47786,51.72248
Antigua and Barbuda,ATG,2001,531.7,24014.775,916.7504,31.755434
Argentina,ARG,2001,527.4,21066.459,1027.9518,89.36829
Armenia,ARM,2001,723.6,5044.1167,137.59904,64.822815
Australia,AUS,2001,371.9,45428.2,2257.972,85.14811
Austria,AUT,2001,435.8,54032.074,2801.2354,66.84081
Azerbaijan,AZE,2001,843.7,6168.9854,102.84783,51.15848
Bahamas,BHS,2001,574.8,35072.367,1036.7372,81.15272
Bahrain,BHR,2001,1022.0,57280.7,1556.2552,87.839714
Bangladesh,BGD,2001,627.5,2803.5547,28.30955,23.69992
Barbados,BRB,2001,506.5,20782.844,830.45013,62.30489
Belarus,BLR,2001,881.8,11771.087,367.7869,70.31472
Belgium,BEL,2001,432.7,50835.4,2352.184,82.335686
Belize,BLZ,2001,551.7,11567.026,271.64075,47.6258
Benin,BEN,2001,638.3,2591.065,57.69029,38.618626
Bhutan,BTN,2001,563.7,5545.6304,144.22333,28.282501
Bolivia (Plurinational State of),BOL,2001,606.4,7491.1523,165.70409,62.337482
Bosnia and Herzegovina,BIH,2001,542.9,7982.519,394.056,42.87615
Botswana,BWA,2001,616.4,12949.641,609.6328,54.04899
Brazil,BRA,2001,577.5,14016.132,795.4278,81.59605
Brunei Darussalam,BRN,2001,553.3,99680.766,1925.0524,71.65788
Bulgaria,BGR,2001,769.2,13306.505,469.27863,69.19671
Burkina Faso,BFA,2001,691.2,1477.2849,37.536076,18.859146
Burundi,BDI,2001,847.8,1025.4838,30.014164,8.241073
Cabo Verde,CPV,2001,451.1,4540.907,142.87267,54.77622
Cambodia,KHM,2001,770.8,2032.0809,91.76585,18.718681
Cameroon,CMR,2001,695.0,3884.873,91.32321,46.762753
Canada,CAN,2001,402.9,48774.15,2591.2588,78.84148
Central African Republic,CAF,2001,927.2,1272.857,25.872288,37.756023
Chad,TCD,2001,657.6,1626.5668,47.661987,21.678099
Chile,CHL,2001,464.3,17874.531,693.80334,86.49063
China,CHN,2001,732.1,4372.4355,135.15578,37.659744
Colombia,COL,2001,493.1,10823.45,408.42255,74.79384
Comoros,COM,2001,715.8,3013.389,122.342995,27.990288
Congo,COG,2001,948.7,7567.439,81.54992,59.441788
Costa Rica,CRI,2001,408.0,14257.525,545.4504,60.14276
Cote d'Ivoire,CIV,2001,570.4,4609.1787,98.03837,43.467014
Croatia,HRV,2001,591.8,22826.723,835.32684,55.691383
Cuba,CUB,2001,449.8,,640.31854,75.887566
Cyprus,CYP,2001,432.9,37146.844,1228.0497,68.80241
Czechia,CZE,2001,595.0,30399.873,1031.8622,73.91318
Democratic Republic of the Congo,COD,2001,720.3,930.85785,10.596943,35.41535
Denmark,DNK,2001,512.7,57925.055,2487.674,85.18831
Djibouti,DJI,2001,587.2,,71.16859,72.89353
Dominican Republic,DOM,2001,400.3,10991.137,329.50287,62.297947
Ecuador,ECU,2001,492.3,9405.117,243.77303,61.012356
Egypt,EGY,2001,797.2,10117.333,320.82593,42.78355
El Salvador,SLV,2001,467.6,7580.323,358.27097,57.452675
Equatorial Guinea,GNQ,2001,703.9,18031.965,157.86635,38.86384
Eritrea,ERI,2001,904.8,,83.79089,34.32532
Estonia,EST,2001,703.1,21872.66,491.59857,67.39265
Eswatini,SWZ,2001,874.1,6135.453,239.60571,22.709562
Ethiopia,ETH,2001,644.4,851.3134,24.048367,15.117767
Fiji,FJI,2001,1104.0,9157.809,183.55165,48.42879
Finland,FIN,2001,436.4,48099.3,2016.0491,67.49824
France,FRA,2001,390.5,46454.87,2685.4182,76.90744
Gabon,GAB,2001,692.9,21604.781,427.27115,80.409096
Gambia,GMB,2001,659.4,2737.696,261.8539,48.349197
Georgia,GEO,2001,703.5,6074.0864,238.28912,52.409817
Germany,DEU,2001,449.4,50687.65,2808.014,80.10708
Ghana,GHA,2001,638.1,3369.507,50.65637,44.641052
Greece,GRC,2001,436.9,32675.93,1678.3698,72.84607
Grenada,GRD,2001,697.4,11333.237,409.56293,35.92
Guatemala,GTM,2001,478.7,8771.159,313.62234,44.678097
Guinea,GIN,2001,616.4,2412.7517,56.37115,31.217695
Guinea-Bissau,GNB,2001,837.6,2025.7268,43.913963,37.162785
Guyana,GUY,2001,807.5,8212.043,158.30553,28.619463
Haiti,HTI,2001,930.3,3168.1445,83.625694,38.387184
Honduras,HND,2001,551.0,4578.9478,156.86356,45.862305
Hungary,HUN,2001,711.8,23069.21,900.734,64.64688
Iceland,ISL,2001,381.1,51468.33,2789.9983,92.04523
India,IND,2001,519.7,3097.1624,95.405815,27.902864
Indonesia,IDN,2001,674.7,6190.5195,111.71792,42.90189
Iran (Islamic Republic of),IRN,2001,525.1,11739.009,538.6111,65.216866
Ireland,IRL,2001,485.8,55534.57,2100.6577,59.376392
Israel,ISR,2001,411.7,32591.21,1858.3722,91.36502
Italy,ITA,2001,400.6,51332.29,2170.3135,67.2752
Jamaica,JAM,2001,590.1,9736.0625,343.19968,51.93419
Japan,JPN,2001,283.3,39748.984,2021.1135,79.157745
Jordan,JOR,2001,670.9,9056.194,587.91266,78.29024
Kazakhstan,KAZ,2001,969.5,14612.029,297.3966,55.781372
Kenya,KEN,2001,423.4,3778.2585,80.5512,20.44163
Kiribati,KIR,2001,1089.0,2357.884,190.12476,43.477745
Kuwait,KWT,2001,392.8,59099.664,1866.1917,99.23476
Kyrgyzstan,KGZ,2001,848.3,3795.8906,82.82309,35.31603
Lao People's Democratic Republic,LAO,2001,862.0,3015.6326,86.91849,23.372889
Latvia,LVA,2001,752.8,15695.906,518.4336,68.016365
Lebanon,LBN,2001,486.7,11817.931,861.22906,86.14513
Lesotho,LSO,2001,612.7,2004.0334,92.32259,19.897524
Liberia,LBR,2001,593.2,1867.1191,27.502691,44.150967
Libya,LBY,2001,531.6,17115.988,823.76215,87.31944
Lithuania,LTU,2001,659.3,16939.467,564.9615,66.92861
Luxembourg,LUX,2001,425.8,116265.23,3603.542,84.81732
Madagascar,MDG,2001,745.8,1748.5035,53.4377,25.307995
Malawi,MWI,2001,702.8,1149.5804,24.27871,14.7804
Malaysia,MYS,2001,573.8,18186.441,380.8886,63.01809
Maldives,MDV,2001,751.4,12977.999,623.88745,28.54992
Mali,MLI,2001,658.9,2458.4617,55.531837,19.318195
Malta,MLT,2001,456.5,30602.11,1301.4346,93.36219
Mauritania,MRT,2001,541.4,4847.4106,83.89457,38.107075
Mauritius,MUS,2001,732.7,13712.579,281.4845,41.88272
Mexico,MEX,2001,476.5,20078.219,537.87,75.29076
Micronesia (Federated States of),FSM,2001,1047.0,3618.394,183.86433,22.33
Mongolia,MNG,2001,1067.0,5917.071,206.52617,57.21559
Morocco,MAR,2001,623.7,5417.5786,160.28033,53.897263
Mozambique,MOZ,2001,552.8,785.79016,14.918827,29.41371
Myanmar,MMR,2001,836.7,1498.3116,22.611528,27.710707
Namibia,NAM,2001,661.6,7786.5415,546.4972,32.857506
Nepal,NPL,2001,483.0,2413.8142,60.377846,32.808952
Netherlands (Kingdom of the),NLD,2001,457.8,56887.4,2684.8215,80.18406
New Zealand,NZL,2001,438.0,36995.06,1701.9158,85.75452
Nicaragua,NIC,2001,379.4,4958.3276,159.95938,55.352253
Niger,NER,2001,563.2,1240.3855,38.14458,16.268723
Nigeria,NGA,2001,576.9,5039.549,79.56221,44.126244
North Macedonia,MKD,2001,705.5,11571.812,499.51736,58.09432
Norway,NOR,2001,426.4,78041.016,3037.2986,76.39586
Oman,OMN,2001,669.0,43492.285,1125.6274,71.51796
Pakistan,PAK,2001,768.2,3559.7278,61.85348,33.19885
Panama,PAN,2001,422.6,14427.836,609.38245,62.6337
Papua New Guinea,PNG,2001,725.6,3212.171,46.956932,13.186409
Paraguay,PRY,2001,422.9,9748.027,387.88788,57.96866
Peru,PER,2001,312.9,7610.6396,235.48749,73.15658
Philippines,PHL,2001,562.9,4778.401,98.785904,39.537518
Poland,POL,2001,624.8,18800.602,630.2675,61.75577
Portugal,PRT,2001,474.8,35500.227,1690.2233,55.06798
Qatar,QAT,2001,967.9,96901.59,2078.382,96.46743
Republic of Korea,KOR,2001,493.7,27440.656,858.2952,79.87877
Republic of Moldova,MDA,2001,1054.0,6090.0347,139.64217,39.674427
Romania,ROU,2001,738.1,15848.304,281.5443,52.76481
Russian Federation,RUS,2001,943.3,21219.904,413.11975,73.22998
Rwanda,RWA,2001,967.1,1134.7845,22.208267,16.54874
Saint Lucia,LCA,2001,582.9,17820.797,465.9597,27.516033
Saint Vincent and the Grenadines,VCT,2001,581.2,10177.81,284.1437,45.007656
Samoa,WSM,2001,808.0,4941.7485,130.59477,21.974989
Sao Tome and Principe,STP,2001,618.1,3907.0193,174.42825,53.961205
Saudi Arabia,SAU,2001,774.2,53309.113,2115.9873,80.15524
Senegal,SEN,2001,645.2,3149.331,75.244194,40.876343
Serbia,SRB,2001,768.7,11879.177,421.17038,56.048233
Seychelles,SYC,2001,632.4,20147.418,599.5622,43.2173
Sierra Leone,SLE,2001,637.6,1749.3508,53.92687,35.763653
Singapore,SGP,2001,387.9,66352.15,1370.7914,100.0
Slovakia,SVK,2001,675.5,18906.602,660.5646,55.99684
Slovenia,SVN,2001,513.2,30862.896,1494.2794,50.75975
Solomon Islands,SLB,2001,868.0,2055.5376,77.34662,16.061926
South Africa,ZAF,2001,547.4,11387.492,600.3727,57.001434
Spain,ESP,2001,402.0,41224.293,1560.9437,76.31569
Sri Lanka,LKA,2001,573.8,6230.031,181.58899,14.573954
Sudan,SDN,2001,674.5,3701.5488,93.18015,32.37604
Suriname,SUR,2001,580.9,16556.943,323.7407,66.718956
Sweden,SWE,2001,400.5,48389.82,2367.2427,84.08272
Switzerland,CHE,2001,371.0,69489.7,3579.9158,73.3763
Syrian Arab Republic,SYR,2001,807.8,8075.784,199.95401,52.285465
Tajikistan,TJK,2001,762.2,1467.3988,51.078682,26.534504
Thailand,THA,2001,448.9,11902.611,230.9629,32.742805
Togo,TGO,2001,750.3,2283.585,43.404636,33.550365
Tonga,TON,2001,707.8,5860.8315,119.90332,23.048862
Trinidad and Tobago,TTO,2001,654.0,20366.754,606.1801,55.90102
Tunisia,TUN,2001,532.2,9380.563,318.85776,63.954174
Turkmenistan,TKM,2001,819.3,5179.4644,245.33257,46.371555
Türkiye,TUR,2001,554.6,13872.129,439.6772,59.872246
Uganda,UGA,2001,740.9,1516.9642,48.921497,11.901389
Ukraine,UKR,2001,863.6,11379.386,261.7717,67.27498
United Arab Emirates,ARE,2001,395.5,90750.33,2206.9053,79.7469
United Kingdom of Great Britain and Northern Ireland,GBR,2001,460.6,44693.66,2075.131,79.98383
United Republic of Tanzania,TZA,2001,485.9,1899.7454,46.952553,22.596323
United States of America,USA,2001,479.4,55024.355,4901.6753,79.308624
Uruguay,URY,2001,529.2,17986.895,1141.0426,91.37592
Uzbekistan,UZB,2001,1285.0,3530.5496,171.34557,48.49019
Vanuatu,VUT,2001,1033.0,3584.9111,71.9781,21.93417
Viet Nam,VNM,2001,562.8,4570.2686,134.8541,24.948936
Yemen,YEM,2001,768.3,,133.60901,27.103361
Zambia,ZMB,2001,650.5,2268.9697,85.30145,35.884647
"occupied Palestinian territory, including east Jerusalem",PSE,2001,774.7,3996.5088,228.78671,73.72583
Global Average,GLOBAL,2002,635.322159090909,,,
Afghanistan,AFG,2002,1119.0,1774.3087,85.8575,18.941248
Albania,ALB,2002,516.3,7590.4585,257.05124,43.152042
Algeria,DZA,2002,579.9,12213.126,346.92926,61.381268
Angola,AGO,2002,779.0,7521.736,127.32808,52.892624
Antigua and Barbuda,ATG,2002,528.1,23958.164,898.03406,31.228037
Argentina,ARG,2002,524.7,18571.701,815.9568,89.56167
Armenia,ARM,2002,767.4,5731.3535,261.67703,64.739624
Australia,AUS,2002,370.6,46688.395,2414.0808,85.28421
Austria,AUT,2002,435.8,54565.0,2975.4897,66.88875
Azerbaijan,AZE,2002,857.5,6701.0815,111.51966,51.214417
Bahamas,BHS,2002,563.1,35610.68,1038.4891,81.30542
Bahrain,BHR,2002,1008.0,55096.656,1566.858,88.142784
Bangladesh,BGD,2002,636.8,2866.4346,32.084072,24.11324
Barbados,BRB,2002,519.8,20809.857,895.79663,61.965576
Belarus,BLR,2002,921.0,12443.933,389.18835,70.88047
Belgium,BEL,2002,436.3,51471.85,2524.5786,82.65096
Belize,BLZ,2002,525.0,11828.187,290.2672,47.4865
Benin,BEN,2002,638.8,2630.1807,55.722424,39.003506
Bhutan,BTN,2002,550.4,5991.255,134.67932,28.963087
Bolivia (Plurinational State of),BOL,2002,600.1,7550.0156,172.10503,62.818764
Bosnia and Herzegovina,BIH,2002,532.3,8366.691,409.67383,43.19756
Botswana,BWA,2002,590.9,13479.696,672.91235,55.014297
Brazil,BRA,2002,571.7,14265.905,836.34314,81.99435
Brunei Darussalam,BRN,2002,547.7,101571.586,1991.0779,72.10216
Bulgaria,BGR,2002,769.4,14397.001,549.13654,69.485916
Burkina Faso,BFA,2002,690.1,1494.678,40.711117,19.725054
Burundi,BDI,2002,819.5,1041.2972,29.142185,8.451083
Cabo Verde,CPV,2002,448.6,4710.241,150.71298,55.57034
Cambodia,KHM,2002,737.8,2126.3416,99.81175,18.803642
Cameroon,CMR,2002,697.0,3951.4194,91.12643,47.258923
Canada,CAN,2002,398.0,49694.99,2727.0447,79.09902
Central African Republic,CAF,2002,948.8,1290.3832,28.89936,37.816975
Chad,TCD,2002,665.1,1704.273,69.63335,21.700777
Chile,CHL,2002,444.0,18244.52,730.45,86.61141
China,CHN,2002,724.0,4744.382,153.5437,39.089783
Colombia,COL,2002,483.9,10925.148,403.92972,75.192444
Comoros,COM,2002,695.4,3085.9382,127.35805,27.958626
Congo,COG,2002,897.8,7729.3887,66.80267,59.971607
Costa Rica,CRI,2002,372.4,14503.177,597.8748,61.278763
Cote d'Ivoire,CIV,2002,570.7,4368.9604,95.978134,43.85903
Croatia,HRV,2002,595.8,24136.781,784.09106,55.674545
Cuba,CUB,2002,416.7,,712.71747,75.85149
Cyprus,CYP,2002,425.3,38090.777,1330.5092,68.78636
Czechia,CZE,2002,595.5,30919.549,1127.0559,73.836006
Democratic Republic of the Congo,COD,2002,714.4,929.4528,10.528234,35.937065
Denmark,DNK,2002,509.4,58003.887,2666.4656,85.3
Djibouti,DJI,2002,617.2,,84.929344,72.45033
Dominican Republic,DOM,2002,402.0,11313.069,351.83722,63.2914
Ecuador,ECU,2002,489.9,9697.556,302.3933,61.28713
Egypt,EGY,2002,813.1,10143.506,333.33456,42.834763
El Salvador,SLV,2002,423.5,7675.671,368.37717,58.348625
Equatorial Guinea,GNQ,2002,665.6,20242.432,390.7331,39.196915
Eritrea,ERI,2002,895.0,,95.654526,34.54208
Estonia,EST,2002,701.3,23537.715,546.9086,67.40909
Eswatini,SWZ,2002,915.5,6335.8135,270.8217,22.569088
Ethiopia,ETH,2002,631.7,838.29803,23.993198,15.333234
Fiji,FJI,2002,1082.0,9357.754,195.67758,48.779514
Finland,FIN,2002,434.8,48792.49,2181.9333,67.795166
France,FRA,2002,387.2,46610.78,2876.46,77.25439
Gabon,GAB,2002,643.1,20981.48,445.15262,81.22053
Gambia,GMB,2002,664.6,2578.5571,188.09424,49.573116
Georgia,GEO,2002,825.6,6464.325,283.72534,52.41277
Germany,DEU,2002,450.1,50487.0,2961.647,80.1214
Ghana,GHA,2002,645.3,3425.6182,54.54778,45.34847
Greece,GRC,2002,433.1,34081.027,1864.4977,73.09771
Grenada,GRD,2002,738.4,11677.703,470.6567,35.919918
Guatemala,GTM,2002,463.0,8901.54,320.36096,45.775475
Guinea,GIN,2002,631.7,2498.1318,65.88338,31.513136
Guinea-Bissau,GNB,2002,812.3,2054.0898,42.415768,37.47349
Guyana,GUY,2002,819.0,8314.027,172.57222,28.479677
Haiti,HTI,2002,927.5,3145.0369,75.32529,39.970898
Honduras,HND,2002,550.7,4627.023,169.51367,46.41942
Hungary,HUN,2002,709.8,24229.295,1032.775,65.04
Iceland,ISL,2002,373.6,51287.594,3065.4194,92.167404
India,IND,2002,522.4,3157.269,98.2448,28.175688
Indonesia,IDN,2002,679.9,6381.9497,109.35028,43.782406
Iran (Islamic Republic of),IRN,2002,518.2,12583.045,536.32904,65.92716
Ireland,IRL,2002,468.8,57828.01,2369.669,59.636726
Israel,ISR,2002,409.4,31892.54,1854.4435,91.444496
Italy,ITA,2002,389.0,51369.113,2263.2957,67.35388
Jamaica,JAM,2002,568.4,9869.713,382.288,52.14672
Japan,JPN,2002,276.1,39690.367,2103.854,80.54699
Jordan,JOR,2002,664.0,9380.113,604.1008,78.297295
Kazakhstan,KAZ,2002,970.6,15960.874,343.56815,55.504593
Kenya,KEN,2002,435.3,3681.2568,81.8734,21.858656
Kiribati,KIR,2002,1086.0,2341.9956,184.19803,43.498547
Kuwait,KWT,2002,416.7,59348.617,1865.6893,99.509026
Kyrgyzstan,KGZ,2002,924.0,3760.5325,89.51141,35.31187
Lao People's Democratic Republic,LAO,2002,843.3,3143.2234,83.176094,24.524784
Latvia,LVA,2002,737.3,17096.559,578.2634,67.981346
Lebanon,LBN,2002,467.8,12053.834,783.8968,86.29428
Lesotho,LSO,2002,654.6,2024.7872,82.62883,20.492628
Liberia,LBR,2002,613.7,1887.646,28.430025,44.5667
Libya,LBY,2002,545.1,16629.436,980.98505,87.62562
Lithuania,LTU,2002,656.9,18223.479,641.827,66.88871
Luxembourg,LUX,2002,415.7,118764.33,3979.2534,85.20342
Madagascar,MDG,2002,756.8,1486.4343,55.2547,25.603748
Malawi,MWI,2002,689.6,1140.8428,24.302862,14.872249
Malaysia,MYS,2002,566.3,18708.87,396.9294,64.056366
Maldives,MDV,2002,741.4,13689.807,715.63135,29.888168
Mali,MLI,2002,656.6,2455.6194,62.33251,19.679298
Malta,MLT,2002,443.0,31207.432,1515.5717,93.44311
Mauritania,MRT,2002,537.7,4806.8984,94.668724,38.390038
Mauritius,MUS,2002,720.1,13837.626,314.93793,41.698685
Mexico,MEX,2002,480.9,19744.793,568.14954,75.684074
Micronesia (Federated States of),FSM,2002,1037.0,3631.7488,175.57457,22.33
Mongolia,MNG,2002,1052.0,6117.9824,219.67685,58.131012
Morocco,MAR,2002,616.9,5544.072,176.72417,54.222744
Mozambique,MOZ,2002,554.3,842.64526,18.48315,29.568632
Myanmar,MMR,2002,835.0,1661.7358,28.986162,27.88497
Namibia,NAM,2002,661.1,8017.2812,576.00104,33.64593
Nepal,NPL,2002,469.5,2380.2441,62.46697,35.035896
Netherlands (Kingdom of the),NLD,2002,456.7,56664.402,2987.458,80.808525
New Zealand,NZL,2002,428.8,38072.27,1840.0829,85.80616
Nicaragua,NIC,2002,396.8,4935.485,169.02551,55.489494
Niger,NER,2002,557.0,1256.237,40.070118,16.26872
Nigeria,NGA,2002,565.6,5654.897,70.61847,44.9793
North Macedonia,MKD,2002,755.7,11830.263,559.14026,57.872616
Norway,NOR,2002,421.1,78752.59,3429.1157,76.79555
Oman,OMN,2002,650.6,42654.15,1152.9542,71.501335
Pakistan,PAK,2002,768.6,3563.6785,65.10459,33.385708
Panama,PAN,2002,414.7,14507.149,631.44086,63.03309
Papua New Guinea,PNG,2002,713.4,3101.1924,55.132015,13.1530695
Paraguay,PRY,2002,424.2,9609.533,329.43228,58.30897
Peru,PER,2002,321.8,7930.51,261.77774,73.550064
Philippines,PHL,2002,586.1,4856.4995,94.4388,39.95539
Poland,POL,2002,604.6,19166.914,715.9719,61.758152
Portugal,PRT,2002,468.0,35578.52,1792.9177,55.7893
Qatar,QAT,2002,985.0,99001.49,2289.006,96.64245
Republic of Korea,KOR,2002,483.3,29395.277,872.9941,80.27663
Republic of Moldova,MDA,2002,1091.0,6580.2783,181.92168,39.62072
Romania,ROU,2002,770.9,17061.629,326.26868,52.746643
Russian Federation,RUS,2002,970.2,22319.678,473.45496,73.2929
Rwanda,RWA,2002,895.8,1267.194,23.772223,16.877884
Saint Lucia,LCA,2002,567.4,17739.576,495.64716,26.938326
Saint Vincent and the Grenadines,VCT,2002,575.2,10736.088,310.1371,45.121426
Samoa,WSM,2002,800.5,5184.1187,163.76257,21.94319
Sao Tome and Principe,STP,2002,616.1,3942.7605,174.62915,55.088272
Saudi Arabia,SAU,2002,766.9,50371.977,1933.8328,80.34381
Senegal,SEN,2002,632.0,3075.2317,80.11739,41.108147
Serbia,SRB,2002,790.9,12661.939,548.1067,56.462902
Seychelles,SYC,2002,633.4,19777.752,560.195,43.094845
Sierra Leone,SLE,2002,650.6,2089.2615,69.519455,36.008278
Singapore,SGP,2002,365.8,68328.93,1524.7134,100.0
Slovakia,SVK,2002,658.2,19748.932,733.15466,55.877613
Slovenia,SVN,2002,505.6,31836.521,1624.0223,50.774456
Solomon Islands,SLB,2002,876.8,1960.675,114.63224,16.40262
South Africa,ZAF,2002,585.3,11697.565,587.131,57.67236
Spain,ESP,2002,398.5,41766.04,1673.4028,76.49342
Sri Lanka,LKA,2002,563.1,6409.863,188.82344,14.610784
Sudan,SDN,2002,667.2,3814.3132,95.64151,32.40388
Suriname,SUR,2002,593.4,16678.072,468.8953,66.732056
Sweden,SWE,2002,397.2,49331.203,2541.1167,84.134254
Switzerland,CHE,2002,360.3,69228.37,3827.2034,73.41953
Syrian Arab Republic,SYR,2002,803.6,8502.493,211.2407,52.695774
Tajikistan,TJK,2002,765.5,1594.939,55.263756,26.533651
Thailand,THA,2002,460.7,12513.542,271.7279,34.073277
Togo,TGO,2002,753.2,2312.9646,44.654766,34.001137
Tonga,TON,2002,705.7,6085.893,132.50256,23.071428
Trinidad and Tobago,TTO,2002,629.9,21876.854,774.1782,55.82981
Tunisia,TUN,2002,529.7,9407.557,342.04556,64.28226
Turkmenistan,TKM,2002,846.9,5090.381,243.71288,46.592484
Türkiye,TUR,2002,530.9,14587.895,462.4058,60.738533
Uganda,UGA,2002,737.1,1598.5829,51.706657,12.202793
Ukraine,UKR,2002,884.2,12092.789,295.67343,67.26727
United Arab Emirates,ARE,2002,395.4,87479.16,2363.328,80.27056
United Kingdom of Great Britain and Northern Ireland,GBR,2002,456.1,45265.457,2286.4172,80.11461
United Republic of Tanzania,TZA,2002,488.1,1982.6443,55.055454,23.030691
United States of America,USA,2002,475.2,55443.22,5327.937,79.546104
Uruguay,URY,2002,521.6,16572.781,1054.8931,91.48861
Uzbekistan,UZB,2002,1334.0,3626.078,175.44966,49.257458
Vanuatu,VUT,2002,1031.0,3314.7126,77.90497,22.201145
Viet Nam,VNM,2002,564.6,4809.6216,116.19513,25.554092
Yemen,YEM,2002,756.9,,133.78433,27.577763
Zambia,ZMB,2002,665.1,2299.333,108.17445,36.070602
"occupied Palestinian territory, including east Jerusalem",PSE,2002,779.2,3409.1729,212.49226,75.49787
Global Average,GLOBAL,2003,632.5966292134831,,,
Afghanistan,AFG,2003,1110.0,1815.9282,85.93302,19.160034
Albania,ALB,2003,572.8,8025.248,288.15088,44.02951
Algeria,DZA,2003,578.2,12835.182,359.26645,62.14279
Angola,AGO,2003,787.6,7516.814,137.60841,54.004356
Antigua and Barbuda,ATG,2003,539.6,25136.002,1010.02563,30.600374
Argentina,ARG,2003,528.5,20005.139,846.7382,89.75247
Armenia,ARM,2003,768.2,6569.2603,288.4246,64.66635
Australia,AUS,2003,356.2,47581.23,2540.0115,85.409706
Austria,AUT,2003,438.1,54919.71,3108.0,66.92636
Azerbaijan,AZE,2003,883.8,7329.4062,124.037865,51.7258
Bahamas,BHS,2003,578.5,34740.76,1089.3523,81.481964
Bahrain,BHR,2003,1040.0,54431.875,1663.7423,88.832535
Bangladesh,BGD,2003,631.2,2958.915,34.250664,24.552555
Barbados,BRB,2003,538.3,21132.328,1059.0382,61.554386
Belarus,BLR,2003,894.0,13413.927,439.0273,71.30924
Belgium,BEL,2003,434.6,51788.844,2848.2263,82.96095
Belize,BLZ,2003,514.0,12589.268,312.81842,47.280624
Benin,BEN,2003,631.1,2639.0437,57.398808,39.41697
Bhutan,BTN,2003,550.0,6323.541,143.26753,29.63286
Bolivia (Plurinational State of),BOL,2003,590.1,7625.9053,188.15108,63.29187
Bosnia and Herzegovina,BIH,2003,520.5,8709.957,486.44028,43.5182
Botswana,BWA,2003,581.0,13857.259,679.8826,56.097923
Brazil,BRA,2003,566.9,14259.366,802.6824,82.354034
Brunei Darussalam,BRN,2003,539.2,103226.914,2100.9766,72.57764
Bulgaria,BGR,2003,760.8,15271.484,603.7022,69.780846
Burkina Faso,BFA,2003,685.3,1561.8331,45.900043,20.563328
Burundi,BDI,2003,796.2,996.56946,28.029642,8.676144
Cabo Verde,CPV,2003,446.1,4841.2656,149.625,56.32971
Cambodia,KHM,2003,729.8,2309.8394,103.18523,18.888176
Cameroon,CMR,2003,708.0,4054.7812,92.40994,47.73255
Canada,CAN,2003,390.4,50139.766,2897.4,79.39138
Central African Republic,CAF,2003,905.7,1191.8732,28.288202,37.88632
Chad,TCD,2003,658.1,1878.5858,59.32058,21.720703
Chile,CHL,2003,443.4,18907.346,776.4409,86.6793
China,CHN,2003,728.9,5191.7812,172.8419,40.53023
Colombia,COL,2003,496.2,11183.291,424.73114,75.53418
Comoros,COM,2003,672.3,3085.5967,129.13817,27.944887
Congo,COG,2003,842.9,7577.4565,75.31113,60.46946
Costa Rica,CRI,2003,380.8,14898.72,635.43,62.451805
Cote d'Ivoire,CIV,2003,578.8,4060.0305,106.61752,44.259373
Croatia,HRV,2003,608.6,25473.566,861.72,55.638695
Cuba,CUB,2003,433.5,,758.3069,75.86366
Cyprus,CYP,2003,420.4,38617.812,1377.1993,68.7121
Czechia,CZE,2003,603.0,31949.297,1274.9272,73.764915
Democratic Republic of the Congo,COD,2003,726.2,953.0446,15.991906,36.46546
Denmark,DNK,2003,494.4,58101.48,2744.2612,85.42
Djibouti,DJI,2003,621.6,,99.45915,72.03044
Dominican Republic,DOM,2003,412.4,11000.868,307.08197,64.4262
Ecuador,ECU,2003,469.8,9802.814,375.0543,61.541847
Egypt,EGY,2003,838.9,10250.377,325.6397,42.88347
El Salvador,SLV,2003,430.4,7780.272,375.28134,59.246857
Equatorial Guinea,GNQ,2003,654.8,21709.574,383.48117,39.8959
Eritrea,ERI,2003,853.7,,99.95916,34.74513
Estonia,EST,2003,684.3,25485.162,672.7037,67.43417
Eswatini,SWZ,2003,932.8,6578.302,329.06375,22.431232
Ethiopia,ETH,2003,617.9,795.77216,24.146595,15.543854
Fiji,FJI,2003,1091.0,9361.464,199.24184,49.12605
Finland,FIN,2003,425.3,49655.547,2306.277,68.04256
France,FRA,2003,392.3,46730.977,2858.2476,77.469124
Gabon,GAB,2003,634.3,20875.455,479.6953,81.997086
Gambia,GMB,2003,665.4,2682.48,169.56883,50.60101
Georgia,GEO,2003,824.1,7227.737,333.60446,52.51447
Germany,DEU,2003,451.2,50191.723,3097.8772,80.137314
Ghana,GHA,2003,651.6,3507.751,62.67699,46.0548
Greece,GRC,2003,429.3,35970.703,2021.4489,73.43227
Grenada,GRD,2003,786.6,12726.526,447.64938,35.919437
Guatemala,GTM,2003,471.3,8926.158,334.46835,46.58654
Guinea,GIN,2003,637.4,2473.2341,60.016655,31.808601
Guinea-Bissau,GNB,2003,791.8,2002.4021,38.127945,37.777306
Guyana,GUY,2003,828.3,8267.429,179.1778,28.308348
Haiti,HTI,2003,930.6,3197.9365,78.45898,41.20076
Honduras,HND,2003,557.0,4714.867,194.3488,46.990185
Hungary,HUN,2003,720.9,25255.871,1255.4465,64.8453
Iceland,ISL,2003,366.4,52095.64,3180.6611,92.323555
India,IND,2003,531.1,3346.8882,100.398384,28.466028
Indonesia,IDN,2003,684.8,6599.092,130.89015,44.630177
Iran (Islamic Republic of),IRN,2003,505.7,13519.45,633.09485,66.60493
Iraq,IRQ,2003,620.1,6849.332,184.34703,68.052124
Ireland,IRL,2003,449.1,58608.336,2563.4575,59.912014
Israel,ISR,2003,401.5,31771.21,1738.9886,91.51769
Italy,ITA,2003,397.4,51126.258,2292.1873,67.42994
Jamaica,JAM,2003,564.8,10169.75,359.4296,52.356487
Japan,JPN,2003,272.5,40152.13,2201.2708,82.42068
Jordan,JOR,2003,618.6,9556.481,592.5665,78.306946
Kazakhstan,KAZ,2003,1007.0,17344.752,392.15982,55.21153
Kenya,KEN,2003,439.6,3674.086,87.21154,23.56389
Kiribati,KIR,2003,1075.0,2258.3232,158.42773,43.51067
Kuwait,KWT,2003,394.0,67984.31,1925.4359,99.76558
Kyrgyzstan,KGZ,2003,932.8,3982.9272,122.86173,35.30865
Lao People's Democratic Republic,LAO,2003,824.3,3282.9854,107.10391,25.594587
Latvia,LVA,2003,736.5,18717.668,603.0856,67.94939
Lebanon,LBN,2003,455.7,12272.344,750.00494,86.44753
Lesotho,LSO,2003,723.9,2127.373,81.47846,21.123108
Liberia,LBR,2003,579.7,1308.1509,23.819408,45.000458
Libya,LBY,2003,549.5,18422.734,929.20984,87.86599
Lithuania,LTU,2003,647.6,20310.713,743.0358,66.75967
Luxembourg,LUX,2003,407.0,120403.0,4222.3755,85.59063
Madagascar,MDG,2003,763.4,1584.7493,60.975494,25.896767
Malawi,MWI,2003,703.7,1176.1239,31.44971,14.955138
Malaysia,MYS,2003,578.4,19329.006,458.20654,65.075096
Maldives,MDV,2003,738.2,15316.119,700.3436,31.391336
Mali,MLI,2003,648.4,2611.837,67.89986,20.059423
Malta,MLT,2003,437.1,32147.875,1657.9279,93.5241
Mauritania,MRT,2003,525.1,5023.6523,101.65315,38.886692
Mauritius,MUS,2003,726.1,14551.879,337.25452,41.512707
Mexico,MEX,2003,483.9,19701.463,668.43964,76.04617
Micronesia (Federated States of),FSM,2003,1032.0,3701.1326,220.76663,22.33
Mongolia,MNG,2003,1043.0,6463.7896,185.96477,59.3547
Morocco,MAR,2003,620.3,5810.053,189.81676,54.57828
Mozambique,MOZ,2003,549.6,883.23914,20.155481,29.714634
Myanmar,MMR,2003,833.9,1874.1713,32.63987,28.056803
Namibia,NAM,2003,663.8,8237.366,617.51404,34.546005
Nepal,NPL,2003,470.1,2439.4949,63.917454,38.045307
Netherlands (Kingdom of the),NLD,2003,446.5,56452.87,3099.2065,81.30113
New Zealand,NZL,2003,413.0,39092.344,1854.3552,85.85796
Nicaragua,NIC,2003,408.1,5000.6113,185.29811,55.630806
Niger,NER,2003,562.0,1238.5878,39.605568,16.268723
Nigeria,NGA,2003,557.2,5905.315,151.94778,45.837208
North Macedonia,MKD,2003,747.4,12077.849,578.5901,57.850178
Norway,NOR,2003,403.0,79150.4,3566.3447,77.26
Oman,OMN,2003,639.6,41247.586,1136.0261,71.492615
Pakistan,PAK,2003,768.0,3668.7793,59.369,33.56692
Panama,PAN,2003,426.3,14957.559,626.2154,63.407993
Papua New Guinea,PNG,2003,719.7,3064.8367,52.12927,13.122607
Paraguay,PRY,2003,425.2,9902.199,357.03284,58.55213
Peru,PER,2003,322.1,8173.277,258.56158,73.95587
Philippines,PHL,2003,586.9,5003.3833,115.72756,40.39285
Poland,POL,2003,606.5,19855.63,731.39307,61.728138
Portugal,PRT,2003,467.9,35115.38,1905.183,56.58655
Qatar,QAT,2003,966.2,98068.125,3322.107,96.831116
Republic of Korea,KOR,2003,454.0,30142.46,1031.2697,80.707794
Republic of Moldova,MDA,2003,1096.0,7034.358,188.0433,39.594536
Romania,ROU,2003,761.1,17587.463,405.09564,52.80235
Russian Federation,RUS,2003,998.9,24057.928,508.00244,73.40574
Rwanda,RWA,2003,824.7,1266.9445,53.68189,16.894743
Saint Lucia,LCA,2003,560.0,18344.592,508.3379,26.01196
Saint Vincent and the Grenadines,VCT,2003,558.2,11475.331,328.1807,45.236153
Samoa,WSM,2003,795.3,5426.139,162.31592,21.780687
Sao Tome and Principe,STP,2003,599.8,4161.638,223.21964,56.412846
Saudi Arabia,SAU,2003,761.4,52234.65,1914.8682,80.54144
Senegal,SEN,2003,636.8,3170.035,91.54868,41.35894
Serbia,SRB,2003,786.0,13273.69,585.4226,56.878426
Seychelles,SYC,2003,646.4,18825.22,614.4466,43.004932
Sierra Leone,SLE,2003,663.6,2196.2812,68.44024,36.26905
Singapore,SGP,2003,350.8,72497.87,1749.4739,100.0
Slovakia,SVK,2003,655.8,20721.713,772.48535,55.7386
Slovenia,SVN,2003,514.1,32833.906,1710.5532,50.755383
Solomon Islands,SLB,2003,894.0,2050.5713,85.60438,16.773312
South Africa,ZAF,2003,588.2,11923.121,643.4632,58.372433
Spain,ESP,2003,402.1,42223.13,1919.0192,76.709335
Sri Lanka,LKA,2003,569.8,6741.0127,176.84859,14.725663
Sudan,SDN,2003,655.6,3946.9226,119.01817,32.42717
Suriname,SUR,2003,590.3,17383.502,460.84247,66.74041
Sweden,SWE,2003,388.0,50072.473,2649.118,84.19543
Switzerland,CHE,2003,364.4,68521.34,3929.7622,73.45187
Syrian Arab Republic,SYR,2003,753.9,8351.465,233.1257,53.1024
Tajikistan,TJK,2003,762.7,1736.6404,65.579056,26.533121
Thailand,THA,2003,459.7,13288.748,286.17572,35.427036
Timor-Leste,TLS,2003,534.8,3264.9465,38.47818,25.261154
Togo,TGO,2003,757.3,2407.5857,47.38133,34.4514
Tonga,TON,2003,709.4,6054.656,128.77603,23.094362
Trinidad and Tobago,TTO,2003,631.4,24910.822,795.8532,55.718803
Tunisia,TUN,2003,527.9,9752.024,367.82156,64.6056
Turkmenistan,TKM,2003,863.9,5154.751,345.93585,46.7
Türkiye,TUR,2003,513.7,15255.718,473.91357,61.584507
Uganda,UGA,2003,723.8,1649.1483,48.303574,12.590414
Ukraine,UKR,2003,897.7,13342.88,363.41223,67.41968
United Arab Emirates,ARE,2003,379.5,89828.49,2409.7256,80.848946
United Kingdom of Great Britain and Northern Ireland,GBR,2003,451.7,46505.28,2441.6443,80.23316
United Republic of Tanzania,TZA,2003,484.2,2059.8374,66.60267,23.520208
United States of America,USA,2003,468.5,56505.445,5732.2437,79.777336
Uruguay,URY,2003,537.5,16694.432,1076.4723,91.62601
Uzbekistan,UZB,2003,1312.0,3733.798,185.78024,49.956688
Vanuatu,VUT,2003,1026.0,3372.773,72.60578,22.464138
Viet Nam,VNM,2003,568.2,5090.29,127.72142,26.174541
Yemen,YEM,2003,743.9,,163.7506,28.027706
Zambia,ZMB,2003,653.3,2383.8762,116.44682,36.385857
"occupied Palestinian territory, including east Jerusalem",PSE,2003,771.5,3788.9265,209.02115,77.2865
Global Average,GLOBAL,2004,623.1382022471911,,,
Afghanistan,AFG,2004,1106.0,1776.9182,93.93581,19.399359
Albania,ALB,2004,549.3,8483.259,312.49612,44.978493
Algeria,DZA,2004,572.4,13226.765,376.13736,62.902313
Angola,AGO,2004,781.1,8079.5264,169.11797,55.04453
Antigua and Barbuda,ATG,2004,525.1,26303.617,987.11316,29.905567
Argentina,ARG,2004,503.0,21591.45,859.72125,89.93972
Armenia,ARM,2004,733.4,7299.4,277.5289,64.59727
Australia,AUS,2004,350.1,49061.277,2733.9917,85.51877
Austria,AUT,2004,417.1,55980.152,3302.2705,66.955864
Azerbaijan,AZE,2004,859.3,7937.8594,134.2724,52.2832
Bahamas,BHS,2004,585.1,34617.805,1121.9521,81.67084
Bahrain,BHR,2004,1041.0,54045.094,1531.4199,89.8569
Bangladesh,BGD,2004,606.6,3071.838,37.203117,25.009481
Barbados,BRB,2004,542.3,21308.605,1198.438,61.10197
Belarus,BLR,2004,869.8,15052.118,502.89804,71.765854
Belgium,BEL,2004,407.3,53406.69,3006.7068,83.265526
Belize,BLZ,2004,517.9,12807.166,316.5256,47.022667
Benin,BEN,2004,627.7,2672.844,61.918144,39.85257
Bhutan,BTN,2004,543.0,6517.997,170.03798,30.2914
Bolivia (Plurinational State of),BOL,2004,579.3,7811.5967,185.19934,63.756466
Bosnia and Herzegovina,BIH,2004,511.2,9344.83,586.4692,43.838047
Botswana,BWA,2004,575.4,13984.842,663.18317,57.258247
Brazil,BRA,2004,564.9,14911.261,855.205,82.68168
Brunei Darussalam,BRN,2004,521.1,101497.76,2076.448,73.067505
Bulgaria,BGR,2004,741.9,16388.96,631.76843,69.919334
Burkina Faso,BFA,2004,683.0,1581.2562,56.44074,21.339218
Burundi,BDI,2004,783.6,1006.5124,39.12332,8.918554
Cabo Verde,CPV,2004,445.3,5268.303,164.29276,57.06772
Cambodia,KHM,2004,725.1,2491.3093,114.77295,18.981361
Cameroon,CMR,2004,699.4,4222.9663,94.41684,48.182686
Canada,CAN,2004,379.3,51210.66,3057.4192,79.69231
Central African Republic,CAF,2004,898.7,1236.2854,29.504637,37.96269
Chad,TCD,2004,658.2,2400.97,77.736824,21.73778
Chile,CHL,2004,436.8,19966.709,802.4501,86.73367
China,CHN,2004,730.7,5684.388,188.65413,41.760014
Colombia,COL,2004,482.0,11607.938,454.56354,75.80806
Comoros,COM,2004,656.3,3121.5168,128.86612,27.959631
Congo,COG,2004,850.6,7577.446,76.95854,60.9206
Costa Rica,CRI,2004,384.6,15330.883,638.7419,63.659603
Cote d'Ivoire,CIV,2004,567.0,4088.9753,109.65714,44.66736
Croatia,HRV,2004,560.4,26528.537,954.518,55.58909
Cuba,CUB,2004,435.8,,749.12085,75.91768
Cyprus,CYP,2004,417.3,40019.926,1412.3729,68.59081
Czechia,CZE,2004,573.7,33452.34,1329.6022,73.699165
Democratic Republic of the Congo,COD,2004,726.1,987.74695,19.76498,37.0
Denmark,DNK,2004,476.7,59560.46,2966.9736,85.71303
Djibouti,DJI,2004,632.1,,85.577354,71.64525
Dominican Republic,DOM,2004,433.6,11131.2705,311.67755,65.89141
Ecuador,ECU,2004,469.3,10290.663,410.53622,61.78296
Egypt,EGY,2004,818.5,10451.821,317.02,42.92556
El Salvador,SLV,2004,418.4,7841.532,406.32083,60.142536
Equatorial Guinea,GNQ,2004,632.6,28225.986,368.77548,40.9304
Eritrea,ERI,2004,857.4,,95.503075,34.932465
Estonia,EST,2004,668.0,27381.535,773.8113,67.467354
Eswatini,SWZ,2004,958.3,6775.2217,371.83792,22.30771
Ethiopia,ETH,2004,604.9,877.1145,24.082867,15.758591
Fiji,FJI,2004,1038.0,9766.527,233.98738,49.47729
Finland,FIN,2004,413.1,51494.707,2514.6719,68.27666
France,FRA,2004,361.8,47720.44,2973.443,77.49005
Gabon,GAB,2004,632.0,20438.932,458.90573,82.73554
Gambia,GMB,2004,671.7,2794.1936,107.24211,51.506203
Georgia,GEO,2004,828.0,7693.915,367.7326,52.71732
Germany,DEU,2004,427.5,50786.02,3167.1038,80.15497
Ghana,GHA,2004,651.8,3607.3652,72.60343,46.757202
Greece,GRC,2004,420.2,37811.492,2063.5864,73.82676
Grenada,GRD,2004,836.9,12593.3545,461.87192,35.918198
Guatemala,GTM,2004,471.6,9003.861,349.28177,47.32682
Guinea,GIN,2004,642.7,2477.503,61.69051,32.103256
Guinea-Bissau,GNB,2004,797.8,1979.6979,47.20589,38.078197
Guyana,GUY,2004,825.9,8404.2,193.03969,28.066885
Haiti,HTI,2004,926.7,3102.5417,78.97542,41.870575
Honduras,HND,2004,558.7,4885.343,205.73482,47.57398
Hungary,HUN,2004,695.0,26568.12,1260.9847,65.02254
Iceland,ISL,2004,359.0,55576.61,3321.4924,92.43773
India,IND,2004,531.7,3551.0474,107.99298,28.772606
Indonesia,IDN,2004,688.6,6843.5464,131.43185,45.447674
Iran (Islamic Republic of),IRN,2004,501.3,13807.195,663.0394,67.25674
Iraq,IRQ,2004,614.6,10210.563,362.41943,68.22022
Ireland,IRL,2004,435.4,61452.867,2825.2666,60.199474
Israel,ISR,2004,387.1,32665.854,1823.9845,91.5829
Italy,ITA,2004,370.4,51495.004,2416.4287,67.50725
Jamaica,JAM,2004,545.7,10244.207,434.74652,52.563766
Japan,JPN,2004,268.7,40986.723,2322.1514,84.371056
Jordan,JOR,2004,628.7,10127.853,638.2364,78.318535
Kazakhstan,KAZ,2004,959.6,18886.582,469.0914,54.92009
Kenya,KEN,2004,449.8,3743.5679,93.99658,25.414755
Kiribati,KIR,2004,1072.0,2199.9526,192.8103,43.523804
Kuwait,KWT,2004,403.2,73298.06,1820.2815,99.94717
Kyrgyzstan,KGZ,2004,873.6,4211.5225,142.61205,35.30589
Lao People's Democratic Republic,LAO,2004,814.6,3441.17,91.83044,26.53711
Latvia,LVA,2004,729.2,20574.12,757.0871,67.92067
Lebanon,LBN,2004,444.8,12882.076,768.63654,86.60493
Lesotho,LSO,2004,732.9,2178.6648,83.849,21.799366
Liberia,LBR,2004,608.5,1326.5356,58.872833,45.43448
Libya,LBY,2004,534.8,18851.203,831.49567,88.03717
Lithuania,LTU,2004,647.2,21875.61,713.57654,66.60226
Luxembourg,LUX,2004,403.9,123725.76,4741.7754,85.97991
Madagascar,MDG,2004,764.4,1620.1195,67.18769,26.186975
Malawi,MWI,2004,699.1,1208.2197,40.689064,15.031604
Malaysia,MYS,2004,571.7,20168.506,480.21918,66.06479
Maldives,MDV,2004,715.5,15958.656,828.1205,32.854195
Mali,MLI,2004,643.7,2565.9775,70.82515,20.457054
Malta,MLT,2004,430.5,32062.764,1740.1267,93.608185
Mauritania,MRT,2004,530.4,5139.2256,98.0963,39.568558
Mauritius,MUS,2004,714.9,15087.068,374.2732,41.326553
Mexico,MEX,2004,473.0,20127.225,719.4072,76.32744
Micronesia (Federated States of),FSM,2004,1034.0,3594.5771,278.6055,22.33
Mongolia,MNG,2004,1022.0,7070.667,209.72508,60.783
Morocco,MAR,2004,621.9,5996.39,209.80206,54.978756
Mozambique,MOZ,2004,552.2,934.134,23.773336,29.859211
Myanmar,MMR,2004,834.7,2110.2373,39.31076,28.225609
Namibia,NAM,2004,654.6,9130.824,711.0927,35.53565
Nepal,NPL,2004,466.7,2521.541,71.19064,41.610947
Netherlands (Kingdom of the),NLD,2004,424.2,57391.35,3267.404,82.25095
New Zealand,NZL,2004,411.6,40091.14,1984.6083,85.90177
Nicaragua,NIC,2004,413.9,5204.382,197.19577,55.77918
Niger,NER,2004,550.1,1199.1594,41.284336,16.268723
Nigeria,NGA,2004,551.6,6275.299,150.10048,46.699482
North Macedonia,MKD,2004,724.7,12683.381,591.4108,57.852795
Norway,NOR,2004,388.5,82091.195,3765.356,77.56846
Oman,OMN,2004,618.5,41351.77,1094.2803,71.54289
Pakistan,PAK,2004,763.2,3859.646,62.08475,33.744137
Panama,PAN,2004,421.8,15875.119,711.2451,63.755375
Papua New Guinea,PNG,2004,714.7,3046.7231,57.81889,13.095167
Paraguay,PRY,2004,440.7,10185.907,379.0754,58.742138
Peru,PER,2004,311.0,8494.84,264.81363,74.37695
Philippines,PHL,2004,618.0,5229.4507,123.00671,40.850704
Poland,POL,2004,591.1,20878.654,783.50464,61.655518
Portugal,PRT,2004,429.4,35658.13,2049.5466,57.417187
Qatar,QAT,2004,939.8,112583.93,3411.351,97.04726
Republic of Korea,KOR,2004,436.1,31579.527,1102.665,81.104385
Republic of Moldova,MDA,2004,1040.0,7573.6177,265.7444,39.446095
Romania,ROU,2004,726.2,19532.48,490.85464,52.91753
Russian Federation,RUS,2004,966.8,25894.146,517.62354,73.30658
Rwanda,RWA,2004,762.5,1325.7955,62.478405,16.90201
Saint Lucia,LCA,2004,542.3,19526.445,505.50613,24.845917
Saint Vincent and the Grenadines,VCT,2004,569.3,11979.907,343.61484,45.35172
Samoa,WSM,2004,785.9,5569.061,185.50008,21.528284
Sao Tome and Principe,STP,2004,601.8,4202.562,217.16626,57.877483
Saudi Arabia,SAU,2004,749.8,54196.55,1837.6388,80.754234
Senegal,SEN,2004,630.7,3240.302,102.16648,41.62482
Serbia,SRB,2004,768.6,14194.365,664.98303,57.314457
Seychelles,SYC,2004,641.8,18356.47,580.9865,42.923775
Sierra Leone,SLE,2004,670.6,2260.8381,75.79257,36.54913
Singapore,SGP,2004,328.9,78712.53,1710.6917,100.0
Slovakia,SVK,2004,637.8,21842.957,970.30835,55.584385
Slovenia,SVN,2004,475.7,34304.555,1807.6973,50.71244
Solomon Islands,SLB,2004,829.2,2168.7837,102.15947,17.172863
South Africa,ZAF,2004,588.5,12341.21,673.9732,59.09774
Spain,ESP,2004,379.3,42793.39,2028.2075,76.95496
Sri Lanka,LKA,2004,559.8,7059.911,210.67595,14.913006
Sudan,SDN,2004,644.8,4041.0571,133.62238,32.44596
Suriname,SUR,2004,581.0,18585.518,561.1927,66.74361
Sweden,SWE,2004,376.5,51960.53,2758.5156,84.267075
Switzerland,CHE,2004,344.0,69812.375,4111.3833,73.476135
Syrian Arab Republic,SYR,2004,737.0,8710.009,218.67245,53.5
Tajikistan,TJK,2004,765.9,1878.287,74.27753,26.532778
Thailand,THA,2004,462.0,13998.521,299.62155,36.785515
Timor-Leste,TLS,2004,545.5,3234.9758,58.78385,25.704082
Togo,TGO,2004,747.2,2326.601,47.450714,34.900745
Tonga,TON,2004,699.8,5901.2134,169.29947,23.119179
Trinidad and Tobago,TTO,2004,612.1,26757.908,903.4604,55.571125
Tunisia,TUN,2004,524.3,10263.806,396.7747,64.92728
Turkmenistan,TKM,2004,897.4,5309.6455,507.5253,46.73754
Türkiye,TUR,2004,499.0,16583.883,526.65247,62.438847
Uganda,UGA,2004,711.8,1709.3616,51.71621,13.122112
Ukraine,UKR,2004,892.9,15021.066,395.91388,67.5971
United Arab Emirates,ARE,2004,371.3,93166.16,2387.7288,81.47292
United Kingdom of Great Britain and Northern Ireland,GBR,2004,429.1,47317.027,2669.404,80.34233
United Republic of Tanzania,TZA,2004,481.5,2155.2415,77.17943,24.083246
United States of America,USA,2004,450.0,58139.082,6071.844,79.99609
Uruguay,URY,2004,520.4,17519.373,1001.30035,91.80094
Uzbekistan,UZB,2004,1234.0,3962.9011,189.0346,50.569653
Vanuatu,VUT,2004,1022.0,3422.6082,76.37173,22.729107
Viet Nam,VNM,2004,574.9,5421.097,157.80429,26.8021
Yemen,YEM,2004,736.5,,162.60855,28.450653
Zambia,ZMB,2004,644.6,2471.7207,113.03122,36.80359
"occupied Palestinian territory, including east Jerusalem",PSE,2004,779.7,4503.0806,304.62445,78.992645
Global Average,GLOBAL,2005,619.2438202247191,,,
Afghanistan,AFG,2005,1094.0,1908.1147,105.927704,19.70591
Albania,ALB,2005,587.4,8964.281,328.99115,45.993767
Algeria,DZA,2005,567.5,13738.496,381.94415,63.659855
Angola,AGO,2005,748.4,8892.921,139.08125,56.0
Antigua and Barbuda,ATG,2005,519.1,27692.635,1043.4645,29.1738
Argentina,ARG,2005,488.5,23262.408,1041.358,90.123375
Armenia,ARM,2005,732.4,8362.9,317.31317,64.533424
Australia,AUS,2005,348.7,49997.066,2825.6545,85.61909
Austria,AUT,2005,406.6,56890.2,3390.4336,66.9798
Azerbaijan,AZE,2005,875.8,10054.101,146.71747,52.502853
Bahamas,BHS,2005,552.3,35365.465,1177.9526,81.86056
Bahrain,BHR,2005,1028.0,53478.266,1467.9639,91.16817
Bangladesh,BGD,2005,603.8,3231.6138,41.581146,25.476954
Barbados,BRB,2005,531.0,22035.387,1184.2067,60.63899
Belarus,BLR,2005,872.6,16579.873,604.64417,72.03101
Belgium,BEL,2005,404.6,54346.895,3078.642,83.564545
Belize,BLZ,2005,495.9,12714.97,325.8837,46.72712
Benin,BEN,2005,624.3,2632.4724,62.71445,40.309776
Bhutan,BTN,2005,536.8,6850.804,162.82759,30.937992
Bolivia (Plurinational State of),BOL,2005,572.6,8020.6357,204.62431,64.2133
Bosnia and Herzegovina,BIH,2005,515.2,9814.47,618.9467,44.15708
Botswana,BWA,2005,584.0,14361.958,611.24365,58.453556
Brazil,BRA,2005,538.5,15221.014,890.4218,82.98388
Brunei Darussalam,BRN,2005,512.2,99795.69,1823.7772,73.55287
Bulgaria,BGR,2005,747.1,17678.033,706.3638,70.08696
Burkina Faso,BFA,2005,680.4,1664.9955,56.688187,22.017979
Burundi,BDI,2005,752.1,978.54193,41.8015,9.180616
Cabo Verde,CPV,2005,450.3,5565.7695,177.24402,57.79777
Cambodia,KHM,2005,719.6,2781.8904,125.34625,19.092272
Cameroon,CMR,2005,705.7,4199.7227,98.00384,48.583786
Canada,CAN,2005,372.5,52356.54,3262.4387,79.97606
Central African Republic,CAF,2005,858.6,1219.594,31.379744,38.04485
Chad,TCD,2005,664.2,2705.8164,73.45309,21.751905
Chile,CHL,2005,418.7,20923.48,831.3057,86.776825
China,CHN,2005,710.1,6298.2993,210.54553,42.989998
Colombia,COL,2005,480.2,11999.255,506.44348,76.00494
Comoros,COM,2005,645.7,3231.725,127.183014,28.016895
Congo,COG,2005,827.3,7876.118,73.500854,61.310287
Costa Rica,CRI,2005,346.6,15711.745,678.6233,64.899864
Cote d'Ivoire,CIV,2005,571.7,4032.2756,110.78902,45.0823
Croatia,HRV,2005,572.9,27641.137,1056.0149,55.530724
Cuba,CUB,2005,445.3,,1069.3662,76.003334
Cyprus,CYP,2005,396.0,41362.094,1520.4254,68.43407
Czechia,CZE,2005,563.5,35535.746,1402.7372,73.63756
Democratic Republic of the Congo,COD,2005,717.2,1016.6339,20.326813,37.401875
Denmark,DNK,2005,461.2,60798.137,3104.374,86.005974
Djibouti,DJI,2005,619.2,,96.37851,71.306145
Dominican Republic,DOM,2005,450.6,12022.508,352.53394,67.57592
Ecuador,ECU,2005,477.6,10660.205,436.9382,62.00687
Egypt,EGY,2005,803.6,10700.609,339.2203,42.95693
El Salvador,SLV,2005,418.1,8050.5347,486.86426,61.030823
Equatorial Guinea,GNQ,2005,608.8,31302.957,313.16473,42.28146
Eritrea,ERI,2005,856.6,,96.57922,35.102203
Estonia,EST,2005,650.9,30161.2,878.23584,67.50805
Eswatini,SWZ,2005,965.2,7142.1924,437.62924,22.210245
Ethiopia,ETH,2005,587.6,952.11566,25.625221,15.982967
Fiji,FJI,2005,1024.0,9745.581,241.14156,49.842136
Finland,FIN,2005,410.4,52744.047,2656.4458,68.51405
France,FRA,2005,361.7,48257.465,3135.556,77.43633
Gabon,GAB,2005,690.1,20385.29,404.7353,83.43268
Gambia,GMB,2005,661.5,2653.6423,104.382416,52.35821
Georgia,GEO,2005,711.7,8485.587,418.11963,53.003628
Germany,DEU,2005,420.1,51264.82,3264.6426,80.174515
Ghana,GHA,2005,652.1,3721.3079,107.1034,47.452843
Greece,GRC,2005,409.0,38146.965,2194.1055,74.261734
Grenada,GRD,2005,864.0,14211.843,515.29895,35.915825
Guatemala,GTM,2005,487.1,9099.728,354.99625,48.055794
Guinea,GIN,2005,636.7,2501.2217,60.384907,32.39627
Guinea-Bissau,GNB,2005,765.6,2060.6667,53.80899,38.380146
Guyana,GUY,2005,818.1,8256.525,213.05664,27.775856
Haiti,HTI,2005,929.2,3144.5635,81.99726,42.579178
Honduras,HND,2005,566.6,5056.6753,240.32411,48.170387
Hungary,HUN,2005,706.7,27765.79,1364.5994,66.12614
Iceland,ISL,2005,355.0,58549.137,3338.1165,92.37744
India,IND,2005,528.7,3770.3965,113.216354,29.09455
Indonesia,IDN,2005,692.5,7140.8545,168.9206,46.237377
Iran (Islamic Republic of),IRN,2005,492.0,13935.774,719.5397,67.87088
Iraq,IRQ,2005,608.0,10078.443,285.32343,68.391426
Ireland,IRL,2005,413.4,63579.715,3128.8884,60.4883
Israel,ISR,2005,384.2,33491.992,1822.0417,91.63843
Italy,ITA,2005,372.5,51585.645,2509.4485,67.589714
Jamaica,JAM,2005,623.4,10278.684,448.6062,52.768524
Japan,JPN,2005,270.0,41740.35,2460.9255,85.95736
Jordan,JOR,2005,661.3,10684.942,682.1147,78.412125
Kazakhstan,KAZ,2005,972.2,20565.53,516.0486,54.648186
Kenya,KEN,2005,458.2,3844.7356,98.85737,27.268675
Kiribati,KIR,2005,1079.0,2184.061,183.51515,43.544327
Kuwait,KWT,2005,408.9,78193.9,1710.6543,100.0
Kyrgyzstan,KGZ,2005,886.2,4156.9585,174.89375,35.303097
Lao People's Democratic Republic,LAO,2005,811.0,3630.5588,93.68794,27.322498
Latvia,LVA,2005,741.7,23213.354,807.582,67.89539
Lebanon,LBN,2005,442.4,13024.665,756.3715,86.76652
Lesotho,LSO,2005,793.0,2275.016,81.30807,22.531797
Liberia,LBR,2005,582.6,1335.6173,69.62108,45.85101
Libya,LBY,2005,538.4,20649.463,698.8692,88.13577
Lithuania,LTU,2005,673.0,23953.814,811.5737,66.57849
Luxembourg,LUX,2005,392.9,124871.95,4941.6826,86.373566
Madagascar,MDG,2005,750.7,1648.1763,70.02014,26.474302
Malawi,MWI,2005,672.7,1214.7427,44.55862,15.104179
Malaysia,MYS,2005,560.3,20767.586,477.9094,67.01598
Maldives,MDV,2005,691.7,13942.875,860.8916,34.071518
Mali,MLI,2005,640.3,2546.3328,74.98678,20.870672
Malta,MLT,2005,425.1,32776.97,1938.2599,93.69852
Mauritania,MRT,2005,509.2,5445.8296,98.49199,40.40715
Mauritius,MUS,2005,701.4,15264.599,414.2699,41.141987
Mexico,MEX,2005,481.0,20277.256,740.06744,76.47486
Micronesia (Federated States of),FSM,2005,1040.0,3710.1985,433.9329,22.33
Mongolia,MNG,2005,1009.0,7499.848,206.7189,62.312263
Morocco,MAR,2005,624.5,6103.4224,228.57527,55.43978
Mozambique,MOZ,2005,558.9,970.38995,30.40282,30.009861
Myanmar,MMR,2005,821.6,2377.9026,43.168056,28.390793
Namibia,NAM,2005,651.0,9245.137,738.3881,36.587
Nepal,NPL,2005,465.6,2580.231,73.361336,45.506565
Netherlands (Kingdom of the),NLD,2005,410.2,58422.03,3425.683,83.5049
New Zealand,NZL,2005,380.9,40970.297,2123.814,85.92993
Nicaragua,NIC,2005,415.8,5356.958,215.1238,55.93755
Niger,NER,2005,558.9,1241.2007,52.0516,16.268723
Nigeria,NGA,2005,536.9,6496.932,155.67549,47.565643
North Macedonia,MKD,2005,729.7,13354.461,587.4543,57.86142
Norway,NOR,2005,375.2,83955.336,3995.3965,77.82601
Oman,OMN,2005,611.0,41551.14,989.06213,71.85778
Pakistan,PAK,2005,757.0,4042.1545,78.14133,33.919006
Panama,PAN,2005,416.0,16867.967,676.7189,64.0722
Papua New Guinea,PNG,2005,718.4,3136.9875,54.668835,13.070897
Paraguay,PRY,2005,443.6,10288.801,386.6718,58.894077
Peru,PER,2005,279.2,8948.747,298.624,74.81624
Philippines,PHL,2005,617.0,5386.8164,160.51903,41.32977
Poland,POL,2005,582.8,21568.947,806.7943,61.5497
Portugal,PRT,2005,440.1,35870.31,2195.496,58.245075
Qatar,QAT,2005,917.7,113384.266,2960.8838,97.30167
Republic of Korea,KOR,2005,414.3,32886.047,1226.3981,81.39014
Republic of Moldova,MDA,2005,1102.0,8161.4736,314.52103,39.370403
Romania,ROU,2005,722.4,20570.926,529.23114,53.07451
Russian Federation,RUS,2005,972.2,27656.658,599.9356,73.16139
Rwanda,RWA,2005,716.1,1412.061,70.59744,16.907211
Saint Lucia,LCA,2005,530.4,19303.992,525.47156,23.541916
Saint Vincent and the Grenadines,VCT,2005,544.2,12320.071,361.19513,45.46812
Samoa,WSM,2005,782.2,5915.6475,208.18312,21.23529
Sao Tome and Principe,STP,2005,592.6,4371.497,225.84563,59.4188
Saudi Arabia,SAU,2005,738.3,54931.793,1832.3513,80.97755
Senegal,SEN,2005,624.0,3301.8208,86.36199,41.90576
Serbia,SRB,2005,767.5,15077.559,759.0367,57.750893
Seychelles,SYC,2005,641.0,19917.12,614.6241,42.851036
Sierra Leone,SLE,2005,680.7,2296.6577,81.087425,36.848553
Singapore,SGP,2005,317.2,82547.484,1783.3739,100.0
Slovakia,SVK,2005,644.0,23257.176,1096.3446,55.418983
Slovenia,SVN,2005,467.8,35565.043,1910.003,50.64878
Solomon Islands,SLB,2005,868.8,2287.5667,131.7103,17.600142
South Africa,ZAF,2005,583.1,12861.563,716.4522,59.824177
Spain,ESP,2005,380.0,43570.766,2166.7703,77.22068
Sri Lanka,LKA,2005,578.6,7452.742,220.28352,15.1672735
Sudan,SDN,2005,636.4,4152.3228,139.50296,32.460316
Suriname,SUR,2005,567.3,19220.283,569.3198,66.732185
Sweden,SWE,2005,372.1,53198.67,2796.1748,84.35
Switzerland,CHE,2005,340.2,71414.35,4179.6406,73.4951
Syrian Arab Republic,SYR,2005,714.3,9016.721,214.23557,53.82272
Tajikistan,TJK,2005,781.3,1965.3002,87.08584,26.532488
Thailand,THA,2005,451.1,14459.825,321.31357,38.13016
Timor-Leste,TLS,2005,541.1,3263.9446,75.72114,26.30973
Togo,TGO,2005,746.5,2164.016,52.020206,35.348766
Tonga,TON,2005,666.9,5829.117,168.06491,23.147396
Trinidad and Tobago,TTO,2005,591.6,29536.44,1011.0111,55.389896
Tunisia,TUN,2005,519.5,10529.16,415.4882,65.23409
Turkmenistan,TKM,2005,932.2,5889.8467,524.5236,46.77287
Türkiye,TUR,2005,490.2,17902.596,575.37213,63.330246
Uganda,UGA,2005,684.5,1765.0378,74.22518,13.790724
Ukraine,UKR,2005,914.4,15610.573,436.56943,67.81361
United Arab Emirates,ARE,2005,353.2,92750.92,2310.3748,82.21228
United Kingdom of Great Britain and Northern Ireland,GBR,2005,418.3,48304.676,2742.2693,80.445595
United Republic of Tanzania,TZA,2005,489.2,2253.0933,91.60944,24.706188
United States of America,USA,2005,449.0,59612.39,6428.602,80.19616
Uruguay,URY,2005,507.1,18811.312,1036.1068,92.08127
Uzbekistan,UZB,2005,1303.0,4185.6396,203.4249,51.078125
Vanuatu,VUT,2005,1014.0,3517.8462,75.583374,23.002018
Viet Nam,VNM,2005,577.6,5776.3633,168.13667,27.428589
Yemen,YEM,2005,727.8,,162.07915,28.852379
Zambia,ZMB,2005,616.8,2564.4756,140.0895,37.29698
"occupied Palestinian territory, including east Jerusalem",PSE,2005,778.6,4885.0728,330.04895,80.51723
Global Average,GLOBAL,2006,609.8932584269663,,,
Afghanistan,AFG,2006,1076.0,1929.7239,118.40582,20.110453
Albania,ALB,2006,582.9,9563.989,362.74875,47.070107
Algeria,DZA,2006,564.9,13920.694,408.04364,64.415436
Angola,AGO,2006,754.6,9586.176,145.13664,56.8939
Antigua and Barbuda,ATG,2006,509.6,30827.342,1103.1609,28.435257
Argentina,ARG,2006,473.6,24877.25,1144.351,90.303375
Armenia,ARM,2006,719.8,9525.231,371.50363,64.4759
Australia,AUS,2006,341.8,50693.727,3005.8755,85.74925
Austria,AUT,2006,391.9,58460.156,3611.519,67.000694
Azerbaijan,AZE,2006,951.6,13371.658,186.4278,52.654015
Bahamas,BHS,2006,565.2,35789.133,1313.3611,82.03961
Bahrain,BHR,2006,969.1,52691.934,1440.9789,92.718605
Bangladesh,BGD,2006,614.6,3407.4272,46.243137,25.947914
Barbados,BRB,2006,528.4,23260.865,1252.2177,60.196095
Belarus,BLR,2006,841.1,18349.871,633.41583,72.61138
Belgium,BEL,2006,389.2,55367.62,3231.2546,83.85789
Belize,BLZ,2006,497.3,12912.53,352.17703,46.40848
Benin,BEN,2006,623.6,2652.2185,66.432236,40.78778
Bhutan,BTN,2006,529.8,7140.856,187.45403,31.566494
Bolivia (Plurinational State of),BOL,2006,562.7,8263.319,199.61977,64.66314
Bosnia and Herzegovina,BIH,2006,506.5,10430.412,681.97644,44.475273
Botswana,BWA,2006,543.0,15275.583,612.5583,59.642124
Brazil,BRA,2006,534.4,15657.4795,969.3631,83.26721
Brunei Darussalam,BRN,2006,507.0,102248.51,1650.8844,74.01483
Bulgaria,BGR,2006,735.3,19024.543,741.6572,70.50752
Burkina Faso,BFA,2006,684.0,1714.7604,64.32032,22.55283
Burundi,BDI,2006,729.1,995.02783,50.496017,9.464629
Cabo Verde,CPV,2006,426.6,5941.3823,203.90604,58.533268
Cambodia,KHM,2006,709.1,3041.1047,123.207924,19.229982
Cameroon,CMR,2006,706.2,4241.5176,101.05477,49.20442
Canada,CAN,2006,359.4,53195.76,3536.9177,80.21906
Central African Republic,CAF,2006,896.9,1251.8708,33.731815,38.134434
Chad,TCD,2006,663.0,2596.0325,73.8602,21.76298
Chile,CHL,2006,397.7,21973.738,941.8693,86.812515
China,CHN,2006,656.2,7057.1113,229.59714,44.34301
Colombia,COL,2006,475.7,12636.625,574.12006,76.16192
Comoros,COM,2006,635.3,3111.6257,122.13531,28.11432
Congo,COG,2006,779.6,8192.58,78.393036,61.62378
Costa Rica,CRI,2006,356.5,16628.373,770.4837,66.1703
Cote d'Ivoire,CIV,2006,579.5,4049.2903,112.58462,45.503513
Croatia,HRV,2006,550.3,29035.676,1231.6986,55.468597
Cuba,CUB,2006,421.5,,1289.4196,76.11215
Cyprus,CYP,2006,396.4,42595.203,1655.2213,68.25342
Czechia,CZE,2006,532.1,37786.88,1476.8113,73.57888
Democratic Republic of the Congo,COD,2006,710.5,1036.1333,22.171412,37.802483
Denmark,DNK,2006,460.3,62911.395,3422.9998,86.25013
Djibouti,DJI,2006,608.4,,113.30867,71.024536
Dominican Republic,DOM,2006,457.1,12961.918,359.3927,69.333855
Ecuador,ECU,2006,471.8,10933.49,468.04135,62.21
Egypt,EGY,2006,807.9,11211.832,360.40356,42.973
El Salvador,SLV,2006,411.2,8404.247,495.05038,61.906868
Equatorial Guinea,GNQ,2006,588.6,32251.768,332.02292,43.930126
Eritrea,ERI,2006,855.2,,96.95665,35.252518
Estonia,EST,2006,639.7,33301.496,959.4409,67.55572
Eswatini,SWZ,2006,954.9,7584.72,504.73654,22.150553
Ethiopia,ETH,2006,568.2,1024.7291,30.889091,16.214848
Fiji,FJI,2006,1017.0,9837.086,257.90067,50.229477
Finland,FIN,2006,403.3,54653.98,2854.295,68.75883
France,FRA,2006,345.5,49223.246,3392.9465,77.346725
Gabon,GAB,2006,696.3,19224.127,422.22543,84.08524
Gambia,GMB,2006,645.5,2564.6865,104.98109,53.160328
Georgia,GEO,2006,726.1,9337.989,448.92157,53.35939
Germany,DEU,2006,405.1,53307.164,3459.2146,80.1961
Ghana,GHA,2006,655.7,3857.8616,126.781784,48.138893
Greece,GRC,2006,401.1,40483.156,2361.1187,74.71775
Grenada,GRD,2006,866.8,13594.355,504.91354,35.911964
Guatemala,GTM,2006,477.0,9386.006,390.73044,48.767635
Guinea,GIN,2006,654.0,2478.6133,52.528866,32.68681
Guinea-Bissau,GNB,2006,767.1,2065.2122,62.255295,38.68712
Guyana,GUY,2006,810.8,8702.331,239.93523,27.460459
Haiti,HTI,2006,917.1,3146.2634,85.75484,43.284645
Honduras,HND,2006,567.6,5263.1504,270.3067,48.779007
Hungary,HUN,2006,676.6,28903.047,1429.1509,67.01559
Iceland,ISL,2006,345.9,60434.383,3396.1436,92.1949
India,IND,2006,535.0,4011.0864,118.16532,29.430986
Indonesia,IDN,2006,693.0,7434.488,187.56033,47.00176
Iran (Islamic Republic of),IRN,2006,484.5,14320.657,749.09845,68.31019
Iraq,IRQ,2006,599.3,10568.914,254.93404,68.55907
Ireland,IRL,2006,409.4,64975.41,3376.3901,60.770367
Israel,ISR,2006,369.7,34744.867,1820.6128,91.68258
Italy,ITA,2006,351.2,52304.242,2731.1929,67.68125
Jamaica,JAM,2006,512.7,10522.236,448.12073,52.970737
Japan,JPN,2006,262.1,42358.934,2582.563,87.14609
Jordan,JOR,2006,654.2,10834.874,648.1491,78.755615
Kazakhstan,KAZ,2006,950.6,22574.344,508.57416,54.413727
Kenya,KEN,2006,468.0,3970.7334,117.322784,28.983076
Kiribati,KIR,2006,1068.0,2264.4517,195.14551,43.73498
Kuwait,KWT,2006,405.3,79521.35,1622.3629,100.0
Kyrgyzstan,KGZ,2006,882.4,4240.1704,205.96388,35.299793
Lao People's Democratic Republic,LAO,2006,796.8,3881.5374,92.141945,28.037876
Latvia,LVA,2006,749.1,26431.814,900.809,67.87373
Lebanon,LBN,2006,435.6,13003.681,893.103,86.93235
Lesotho,LSO,2006,840.8,2381.0203,97.343735,23.332989
Liberia,LBR,2006,589.3,1364.6035,63.475655,46.232296
Libya,LBY,2006,512.9,21545.299,665.5091,88.15996
Lithuania,LTU,2006,691.2,26139.283,957.507,66.63815
Luxembourg,LUX,2006,379.8,130290.17,5274.305,86.773895
Madagascar,MDG,2006,742.9,1686.8634,71.84059,26.758675
Malawi,MWI,2006,694.1,1237.2739,53.44015,15.175399
Malaysia,MYS,2006,545.2,21444.486,567.4879,67.9192
Maldives,MDV,2006,680.1,16829.977,976.458,34.867863
Mali,MLI,2006,642.6,2555.0747,82.22141,21.298761
Malta,MLT,2006,417.2,33420.715,2056.1064,93.79869
Mauritania,MRT,2006,513.4,6284.702,93.04712,41.373993
Mauritius,MUS,2006,685.5,15932.819,443.1924,40.96077
Mexico,MEX,2006,465.3,20965.826,786.19244,76.498245
Micronesia (Federated States of),FSM,2006,1030.0,3717.6577,272.3898,22.327515
Mongolia,MNG,2006,986.6,8043.9966,222.60283,63.838837
Morocco,MAR,2006,624.7,6488.674,261.33224,55.962757
Mozambique,MOZ,2006,592.9,1041.8047,31.501078,30.17408
Myanmar,MMR,2006,811.5,2669.327,47.993835,28.551758
Namibia,NAM,2006,638.6,9773.298,803.1754,37.672215
Nepal,NPL,2006,472.1,2641.348,69.44165,49.50591
Netherlands (Kingdom of the),NLD,2006,398.2,60391.516,3726.9678,84.65323
New Zealand,NZL,2006,384.4,41596.832,2398.172,85.935684
Nicaragua,NIC,2006,392.1,5500.4053,232.55669,56.105854
Niger,NER,2006,548.1,1267.6014,55.88776,16.267572
Nigeria,NGA,2006,534.6,6702.9453,154.64491,48.42427
North Macedonia,MKD,2006,713.6,14118.2295,626.5533,57.879658
Norway,NOR,2006,369.3,85653.14,4304.4355,78.08772
Oman,OMN,2006,609.9,42540.44,930.9676,72.39203
Pakistan,PAK,2006,749.8,4185.8667,96.00098,34.093178
Panama,PAN,2006,400.4,18190.281,783.2928,64.35541
Papua New Guinea,PNG,2006,722.6,3202.8977,55.438076,13.049942
Paraguay,PRY,2006,452.7,10671.645,429.68713,59.02023
Peru,PER,2006,280.0,9546.625,313.75342,75.276665
Philippines,PHL,2006,621.4,5578.5723,172.96655,41.830856
Poland,POL,2006,570.2,22921.197,878.89154,61.419968
Portugal,PRT,2006,408.5,36387.535,2311.125,59.034096
Qatar,QAT,2006,879.8,121378.44,2802.2732,97.58274
Republic of Korea,KOR,2006,393.2,34429.62,1398.6357,81.56646
Republic of Moldova,MDA,2006,1026.0,8577.028,375.94147,39.21824
Romania,ROU,2006,697.7,22354.564,584.295,53.256638
Russian Federation,RUS,2006,909.4,30022.672,756.02124,73.24392
Rwanda,RWA,2006,686.4,1501.7646,76.24366,16.911015
Saint Lucia,LCA,2006,519.8,20353.654,602.4177,22.201668
Saint Vincent and the Grenadines,VCT,2006,535.3,13233.407,381.21292,45.58536
Samoa,WSM,2006,774.9,6018.248,230.03297,20.956797
Sao Tome and Principe,STP,2006,605.3,4644.1807,170.19899,60.973415
Saudi Arabia,SAU,2006,716.7,54373.74,1979.3516,81.20086
Senegal,SEN,2006,616.6,3301.0315,91.15263,42.20464
Serbia,SRB,2006,721.6,15727.403,865.5233,58.170914
Seychelles,SYC,2006,639.6,21341.86,667.0736,42.788044
Sierra Leone,SLE,2006,675.4,2342.7546,86.64439,37.17038
Singapore,SGP,2006,313.3,87210.05,1877.5883,100.0
Slovakia,SVK,2006,626.3,25331.873,1295.7794,55.24643
Slovenia,SVN,2006,435.2,37546.496,2015.6787,50.567257
Solomon Islands,SLB,2006,869.9,2340.9514,124.82459,18.054014
South Africa,ZAF,2006,617.4,13444.233,773.61957,60.527645
Spain,ESP,2006,358.0,44572.68,2441.97,77.496864
Sri Lanka,LKA,2006,575.7,7970.665,241.04846,15.482927
Sudan,SDN,2006,630.1,4299.974,177.6997,32.470295
Suriname,SUR,2006,549.5,20113.67,677.3675,66.6968
Sweden,SWE,2006,366.1,55373.934,3041.2395,84.45532
Switzerland,CHE,2006,329.7,73901.62,4436.5063,73.51158
Syrian Arab Republic,SYR,2006,698.0,9074.772,204.4512,54.05977
Tajikistan,TJK,2006,786.9,2063.2886,90.486984,26.532118
Thailand,THA,2006,443.5,15052.695,338.25375,39.4424
Timor-Leste,TLS,2006,528.7,3038.9524,82.691055,27.121698
Togo,TGO,2006,749.0,2158.9438,57.9248,35.79506
Tonga,TON,2006,667.8,5671.6406,210.38078,23.180141
Trinidad and Tobago,TTO,2006,568.2,33348.75,1100.8186,55.178246
Tunisia,TUN,2006,513.7,10983.922,445.54132,65.52098
Turkmenistan,TKM,2006,917.4,6415.713,518.5779,46.806004
Türkiye,TUR,2006,482.3,18972.01,694.46344,64.28739
Uganda,UGA,2006,657.2,1898.9791,93.89131,14.585152
Ukraine,UKR,2006,877.5,16901.508,492.70227,68.029335
United Arab Emirates,ARE,2006,327.6,94872.516,2441.5776,82.5589
United Kingdom of Great Britain and Northern Ireland,GBR,2006,404.7,49000.953,2967.2185,80.54643
United Republic of Tanzania,TZA,2006,485.6,2334.1045,127.491135,25.374104
United States of America,USA,2006,436.9,60684.34,6802.475,80.37131
Uruguay,URY,2006,480.0,19560.074,1099.4772,92.48455
Uzbekistan,UZB,2006,1231.0,4439.9067,217.18948,51.463882
Vanuatu,VUT,2006,1027.0,3724.2473,82.919495,23.288834
Viet Nam,VNM,2006,580.6,6098.245,193.64056,28.04583
Yemen,YEM,2006,715.8,,177.22887,29.23795
Zambia,ZMB,2006,616.4,2673.4614,132.63,37.839222
"occupied Palestinian territory, including east Jerusalem",PSE,2006,775.6,4714.3735,313.98862,81.76118
Global Average,GLOBAL,2007,603.4269662921348,,,
Afghanistan,AFG,2007,1060.0,2155.353,112.257675,20.590658
Albania,ALB,2007,569.9,10262.924,424.16708,48.202282
Algeria,DZA,2007,562.5,14114.675,482.23413,65.169075
Angola,AGO,2007,722.3,10434.709,181.31886,57.756462
Antigua and Barbuda,ATG,2007,538.5,33245.27,1165.8062,27.720127
Argentina,ARG,2007,495.2,26850.664,1293.6952,90.47966
Armenia,ARM,2007,702.8,10898.849,409.8766,64.425766
Australia,AUS,2007,332.2,51663.242,3177.4421,85.89685
Austria,AUT,2007,383.2,60470.824,3770.1804,67.0211
Azerbaijan,AZE,2007,794.3,16587.365,227.47366,52.828156
Bahamas,BHS,2007,550.5,35797.117,1407.6649,82.196495
Bahrain,BHR,2007,927.0,52731.793,1598.223,94.4605
Bangladesh,BGD,2007,613.7,3608.9155,51.885914,26.415304
Barbados,BRB,2007,516.8,23631.943,1201.5491,59.803944
Belarus,BLR,2007,795.1,20019.611,724.9058,73.09135
Belgium,BEL,2007,378.2,56983.46,3376.2961,84.14543
Belize,BLZ,2007,480.6,12973.207,415.16443,46.081245
Benin,BEN,2007,625.0,2729.1375,62.72409,41.285778
Bhutan,BTN,2007,521.0,8195.07,200.37459,32.17382
Bolivia (Plurinational State of),BOL,2007,563.0,8493.948,212.37791,65.106735
Bosnia and Herzegovina,BIH,2007,532.2,11178.682,783.0725,44.792606
Botswana,BWA,2007,590.9,15850.234,739.1448,60.78223
Brazil,BRA,2007,526.0,16440.584,1039.3774,83.53825
Brunei Darussalam,BRN,2007,496.6,96752.62,1641.6906,74.43449
Bulgaria,BGR,2007,721.3,20440.252,786.5594,70.68442
Burkina Faso,BFA,2007,680.4,1731.9304,74.53087,22.974176
Burundi,BDI,2007,697.1,991.9314,54.51285,9.772892
Cabo Verde,CPV,2007,419.1,6767.4067,213.88538,59.287605
Cambodia,KHM,2007,709.0,3308.1575,113.60405,19.40357
Cameroon,CMR,2007,707.1,4302.619,106.93222,49.7027
Canada,CAN,2007,358.4,53761.84,3710.8918,80.44256
Central African Republic,CAF,2007,873.8,1284.5529,37.52643,38.234333
Chad,TCD,2007,660.4,2613.4739,67.63283,21.770905
Chile,CHL,2007,399.9,22884.299,1037.3492,86.844505
China,CHN,2007,630.3,8013.7837,249.50734,45.889244
Colombia,COL,2007,459.6,13318.304,636.702,76.31441
Comoros,COM,2007,631.5,3074.7346,117.99024,28.249332
Congo,COG,2007,774.4,7375.8247,80.69454,61.850258
Costa Rica,CRI,2007,330.2,17752.416,852.242,67.46864
Cote d'Ivoire,CIV,2007,594.9,3999.7205,122.54438,45.930317
Croatia,HRV,2007,558.4,30508.307,1444.2528,55.40771
Cuba,CUB,2007,422.0,,1836.8899,76.23569
Cyprus,CYP,2007,379.8,43823.76,1783.432,68.06042
Czechia,CZE,2007,515.4,39629.008,1580.4069,73.52195
Democratic Republic of the Congo,COD,2007,716.8,1091.5408,23.282736,38.201782
Denmark,DNK,2007,450.1,63251.316,3638.1018,86.42515
Djibouti,DJI,2007,613.4,,114.85872,70.81181
Dominican Republic,DOM,2007,452.6,13754.921,408.4355,71.01934
Ecuador,ECU,2007,459.2,10952.822,450.82947,62.388756
Egypt,EGY,2007,808.0,11782.006,357.1003,42.972965
El Salvador,SLV,2007,406.4,8548.835,504.42133,62.76769
Equatorial Guinea,GNQ,2007,567.7,35540.45,378.08762,45.857456
Eritrea,ERI,2007,840.9,,76.62771,35.382095
Estonia,EST,2007,632.1,35986.516,1149.0637,67.60979
Eswatini,SWZ,2007,953.8,7866.731,545.4855,22.13999
Ethiopia,ETH,2007,551.7,1109.1433,38.520325,16.094833
Fiji,FJI,2007,1015.0,9672.29,265.49707,50.649456
Finland,FIN,2007,402.2,57313.293,3059.3975,69.020035
France,FRA,2007,337.2,50157.785,3541.164,77.2458
Gabon,GAB,2007,654.3,19751.877,443.74243,84.69002
Gambia,GMB,2007,643.3,2567.1572,98.360374,53.91961
Georgia,GEO,2007,692.8,10567.274,509.37744,53.770607
Germany,DEU,2007,396.9,54920.66,3628.4187,80.219864
Ghana,GHA,2007,658.7,3923.1257,132.8197,48.81251
Greece,GRC,2007,407.5,41796.234,2465.6807,75.17535
Grenada,GRD,2007,856.4,14376.282,561.86896,35.90625
Guatemala,GTM,2007,446.3,9772.81,403.1349,49.45651
Guinea,GIN,2007,661.4,2587.005,54.24295,32.974037
Guinea-Bissau,GNB,2007,757.5,2065.9897,62.04481,39.003098
Guyana,GUY,2007,789.4,9354.08,282.73297,27.145895
Haiti,HTI,2007,913.7,3239.2576,99.64056,43.986618
Honduras,HND,2007,562.9,5461.9014,296.2394,49.399426
Hungary,HUN,2007,672.6,29044.066,1374.4337,67.004166
Iceland,ISL,2007,343.4,64075.31,3463.5305,92.36146
India,IND,2007,553.8,4253.8213,125.625046,29.781042
Indonesia,IDN,2007,695.6,7802.464,217.95224,47.743298
Iran (Islamic Republic of),IRN,2007,477.8,15237.424,783.17004,68.80619
Iraq,IRQ,2007,604.8,10853.816,346.65646,68.71648
Ireland,IRL,2007,405.9,66475.84,3702.2866,61.0602
Israel,ISR,2007,370.3,36288.066,1945.0165,91.71364
Italy,ITA,2007,347.5,52747.19,2774.9768,67.785774
Jamaica,JAM,2007,739.4,10622.444,522.05853,53.170376
Japan,JPN,2007,258.8,43041.57,2722.175,88.27014
Jordan,JOR,2007,566.7,11034.292,698.5749,79.33583
Kazakhstan,KAZ,2007,943.5,24351.346,448.21506,54.23462
Kenya,KEN,2007,481.4,4116.451,127.64968,30.415386
Kiribati,KIR,2007,1077.0,2286.7395,196.16467,44.621216
Kuwait,KWT,2007,388.1,79474.76,1761.7317,100.0
Kyrgyzstan,KGZ,2007,843.1,4558.713,190.3869,35.295494
Lao People's Democratic Republic,LAO,2007,775.5,4112.253,106.445274,28.734304
Latvia,LVA,2007,744.2,29423.736,1001.8252,67.85589
Lebanon,LBN,2007,433.2,13941.562,972.0205,87.102486
Lesotho,LSO,2007,875.7,2470.3147,147.65778,24.218796
Liberia,LBR,2007,584.6,1422.1002,52.680717,46.610485
Libya,LBY,2007,527.4,22422.012,748.26715,88.15603
Lithuania,LTU,2007,700.2,29381.951,1094.5939,66.7185
Luxembourg,LUX,2007,367.1,138683.31,5284.1816,87.1832
Madagascar,MDG,2007,729.1,1731.6176,68.82456,27.04002
Malawi,MWI,2007,678.5,1318.3319,64.798096,15.247796
Malaysia,MYS,2007,537.5,22305.12,598.7352,68.76497
Maldives,MDV,2007,668.5,17439.951,1072.3749,35.43408
Mali,MLI,2007,650.3,2515.947,81.427864,21.739805
Malta,MLT,2007,405.0,34981.703,2053.1138,93.91182
Mauritania,MRT,2007,511.8,6002.7783,97.15466,42.4406
Mauritius,MUS,2007,672.1,16774.568,468.1285,40.78466
Mexico,MEX,2007,462.6,21102.27,827.7566,76.50473
Micronesia (Federated States of),FSM,2007,1019.0,3684.2021,286.1149,22.320833
Mongolia,MNG,2007,949.0,8750.134,271.50775,65.25907
Morocco,MAR,2007,626.4,6620.5903,289.89355,56.530384
Mozambique,MOZ,2007,653.0,1095.1257,32.751736,30.359814
Myanmar,MMR,2007,786.2,2968.3032,49.065712,28.70791
Namibia,NAM,2007,620.6,10162.24,887.65894,38.763435
Nepal,NPL,2007,459.9,2708.7144,75.80333,53.38274
Netherlands (Kingdom of the),NLD,2007,383.0,62601.66,3984.4502,85.40892
New Zealand,NZL,2007,376.2,42473.117,2445.1755,85.929184
Nicaragua,NIC,2007,401.2,5697.211,270.70502,56.281662
Niger,NER,2007,552.9,1260.1854,51.718204,16.264189
Nigeria,NGA,2007,529.0,6949.4263,152.49376,49.235798
North Macedonia,MKD,2007,732.2,15118.244,603.21814,57.911102
Norway,NOR,2007,369.3,87670.86,4530.867,78.40725
Oman,OMN,2007,607.4,43696.97,1027.8049,73.067924
Pakistan,PAK,2007,739.2,4257.926,96.34739,34.268307
Panama,PAN,2007,389.5,20208.83,996.2734,64.60198
Papua New Guinea,PNG,2007,716.8,3346.279,58.764214,13.032448
Paraguay,PRY,2007,446.0,11140.463,460.82217,59.132854
Peru,PER,2007,263.4,10284.967,353.29456,75.76153
Philippines,PHL,2007,614.4,5840.068,184.77643,42.34705
Poland,POL,2007,567.1,24484.066,986.9931,61.2756
Portugal,PRT,2007,402.9,37226.47,2383.6782,59.74811
Qatar,QAT,2007,863.6,115272.51,2448.026,97.86631
Republic of Korea,KOR,2007,376.7,36257.34,1516.2402,81.71213
Republic of Moldova,MDA,2007,975.9,8854.834,416.6966,39.431503
Romania,ROU,2007,666.8,24328.393,680.1452,53.447277
Russian Federation,RUS,2007,861.0,32630.37,840.7172,73.385605
Rwanda,RWA,2007,665.8,1573.9681,84.81822,16.914083
Saint Lucia,LCA,2007,487.8,20559.898,673.3361,20.92689
Saint Vincent and the Grenadines,VCT,2007,527.7,13732.362,424.78088,45.703434
Samoa,WSM,2007,770.9,6014.047,229.3154,20.694448
Sao Tome and Principe,STP,2007,620.8,4698.084,173.72987,62.477947
Saudi Arabia,SAU,2007,681.9,53318.418,1962.1624,81.423004
Senegal,SEN,2007,614.8,3316.4204,85.35079,42.524345
Serbia,SRB,2007,708.7,17028.086,1051.5186,58.557713
Seychelles,SYC,2007,627.9,23117.855,658.8088,42.736134
Sierra Leone,SLE,2007,692.5,2377.8054,90.593445,37.512287
Singapore,SGP,2007,325.8,91198.15,1948.9755,100.0
Slovakia,SVK,2007,619.2,28064.246,1523.9608,55.070736
Slovenia,SVN,2007,433.8,40002.703,2079.3542,50.470715
Solomon Islands,SLB,2007,939.6,2384.6233,119.78837,18.533344
South Africa,ZAF,2007,621.7,14016.244,831.83154,61.18405
Spain,ESP,2007,358.8,45301.285,2616.3345,77.773895
Sri Lanka,LKA,2007,560.7,8454.207,260.71515,15.854428
Sudan,SDN,2007,625.2,4415.785,217.24808,32.475952
Suriname,SUR,2007,537.2,20902.139,644.6167,66.64332
Sweden,SWE,2007,359.8,56737.367,3272.7993,84.59069
Switzerland,CHE,2007,324.6,76161.56,4799.6445,73.52838
Syrian Arab Republic,SYR,2007,685.2,9017.087,205.52188,54.2884
Tajikistan,TJK,2007,803.0,2181.898,108.73095,26.531534
Thailand,THA,2007,430.8,15744.365,374.2922,40.70369
Timor-Leste,TLS,2007,520.5,3256.5698,85.63849,28.001165
Togo,TGO,2007,744.5,2067.2183,51.01211,36.239216
Tonga,TON,2007,670.4,5507.3574,181.52849,23.223997
Trinidad and Tobago,TTO,2007,560.3,34793.645,1179.6055,54.9393
Tunisia,TUN,2007,508.1,11613.925,488.03665,65.8
Turkmenistan,TKM,2007,886.0,6993.5293,364.98322,46.836975
Türkiye,TUR,2007,481.0,19909.084,772.1247,65.33896
Uganda,UGA,2007,629.1,1999.0625,96.595215,15.494298
Ukraine,UKR,2007,876.1,18374.014,515.8967,68.210236
United Arab Emirates,ARE,2007,306.4,87180.6,2542.5208,82.758606
United Kingdom of Great Britain and Northern Ireland,GBR,2007,398.6,50045.918,3112.1433,80.64833
United Republic of Tanzania,TZA,2007,482.9,2423.616,121.51125,26.072062
United States of America,USA,2007,426.8,61314.453,7153.7314,80.51532
Uruguay,URY,2007,512.1,20803.885,1152.9346,92.960365
Uzbekistan,UZB,2007,1197.0,4792.829,234.24979,51.708702
Vanuatu,VUT,2007,1016.0,3738.6665,79.977905,23.595516
Viet Nam,VNM,2007,586.6,6418.544,212.05305,28.645638
Yemen,YEM,2007,714.0,,191.71207,29.609154
Zambia,ZMB,2007,601.1,2796.353,116.49238,38.40349
"occupied Palestinian territory, including east Jerusalem",PSE,2007,778.0,4769.5234,298.07513,82.59612
Global Average,GLOBAL,2008,596.4123595505617,,,
Afghanistan,AFG,2008,1035.0,2191.5044,137.44968,21.124147
Albania,ALB,2008,549.6,11056.306,446.3907,49.38507
Algeria,DZA,2008,562.3,14206.776,544.36786,65.90149
Angola,AGO,2008,706.0,11131.631,221.01886,58.585175
Antigua and Barbuda,ATG,2008,528.7,32756.307,1102.3707,27.05859
Argentina,ARG,2008,465.8,27658.484,1423.7563,90.65219
Armenia,ARM,2008,704.9,11727.482,542.03357,64.384094
Australia,AUS,2008,336.8,52473.383,3291.3687,86.02538
Austria,AUT,2008,375.8,61157.902,4043.1665,67.04356
Azerbaijan,AZE,2008,886.8,17963.021,260.36774,53.063305
Bahamas,BHS,2008,554.4,34498.035,1495.5209,82.31971
Bahrain,BHR,2008,885.2,52765.39,1587.6969,96.34614
Bangladesh,BGD,2008,599.7,3787.9382,54.13202,26.87206
Barbados,BRB,2008,515.1,23657.291,1310.224,59.49319
Belarus,BLR,2008,785.1,22137.947,759.8962,73.55317
Belgium,BEL,2008,378.2,56787.74,3651.6365,84.42704
Belize,BLZ,2008,447.4,12415.681,450.67892,45.75991
Benin,BEN,2008,629.8,2777.6196,58.746277,41.802967
Bhutan,BTN,2008,515.6,8470.035,181.07382,32.763718
Bolivia (Plurinational State of),BOL,2008,560.1,8865.272,221.59904,65.54483
Bosnia and Herzegovina,BIH,2008,513.5,11983.72,876.06335,45.10906
Botswana,BWA,2008,674.7,16040.315,814.44415,61.83216
Brazil,BRA,2008,521.0,17113.367,1077.1368,83.803604
Brunei Darussalam,BRN,2008,493.6,91275.5,1511.9507,74.79294
Bulgaria,BGR,2008,696.7,21845.955,898.3369,70.9021
Burkina Faso,BFA,2008,681.6,1779.3271,67.12499,23.363375
Burundi,BDI,2008,675.7,998.56506,47.120068,10.106436
Cabo Verde,CPV,2008,418.7,7169.1396,196.52574,60.074192
Cambodia,KHM,2008,704.6,3501.9258,155.41138,19.657452
Cameroon,CMR,2008,709.3,4300.2666,105.01327,50.08583
Canada,CAN,2008,352.2,53711.656,3850.4277,80.662895
Central African Republic,CAF,2008,861.7,1283.2728,32.8893,38.34745
Chad,TCD,2008,667.2,2601.3613,64.084015,21.77558
Chile,CHL,2008,371.7,23515.348,1103.6656,86.87658
China,CHN,2008,623.0,8743.702,292.63544,46.989506
Colombia,COL,2008,454.9,13591.061,698.00165,76.45968
Comoros,COM,2008,632.6,3133.7502,114.685524,28.41935
Congo,COG,2008,762.7,7587.288,99.61023,62.03548
Costa Rica,CRI,2008,328.7,18343.1,958.05145,68.79258
Cote d'Ivoire,CIV,2008,615.5,4096.754,127.2261,46.362026
Croatia,HRV,2008,549.6,31113.555,1603.3323,55.35307
Cuba,CUB,2008,434.2,,1965.3962,76.36546
Cyprus,CYP,2008,366.1,44295.63,2122.5786,67.86662
Czechia,CZE,2008,500.6,40328.344,1777.9052,73.46555
Democratic Republic of the Congo,COD,2008,720.2,1137.8408,28.3354,38.599724
Denmark,DNK,2008,437.9,62618.45,3926.0217,86.58314
Djibouti,DJI,2008,593.5,,108.16594,70.679375
Dominican Republic,DOM,2008,449.3,14030.141,473.3892,72.48652
Ecuador,ECU,2008,457.1,11474.525,478.32397,62.53955
Egypt,EGY,2008,816.7,12391.585,384.65692,42.9609
El Salvador,SLV,2008,409.2,8704.806,524.5963,63.63725
Equatorial Guinea,GNQ,2008,567.4,39994.617,376.44724,48.04449
Eritrea,ERI,2008,846.7,,76.381134,35.48971
Estonia,EST,2008,596.7,34233.766,1357.0221,67.6697
Eswatini,SWZ,2008,950.6,7926.3794,621.9407,22.1692
Ethiopia,ETH,2008,541.3,1193.7473,36.16027,16.79367
Fiji,FJI,2008,1016.0,9711.966,251.36517,51.097977
Finland,FIN,2008,392.1,57494.586,3344.2395,69.294365
France,FRA,2008,334.7,50068.297,3706.4756,77.15619
Gabon,GAB,2008,659.7,18493.092,391.0818,85.24377
Gambia,GMB,2008,646.8,2649.611,97.29989,54.643124
Georgia,GEO,2008,699.1,10856.104,607.9915,54.22327
Germany,DEU,2008,394.9,55513.758,3851.547,80.24596
Ghana,GHA,2008,665.6,4174.7812,141.55777,49.470867
Greece,GRC,2008,390.3,41709.387,2728.052,75.61508
Grenada,GRD,2008,847.0,14463.56,592.48645,35.898315
Guatemala,GTM,2008,442.7,9889.577,409.0995,50.11659
Guinea,GIN,2008,666.7,2629.5398,52.69558,33.257126
Guinea-Bissau,GNB,2008,747.6,2105.6738,70.03804,39.332054
Guyana,GUY,2008,790.3,9546.709,291.88303,26.857367
Haiti,HTI,2008,905.6,3270.4128,102.876755,44.684734
Honduras,HND,2008,561.1,5566.7065,327.484,50.03123
Hungary,HUN,2008,645.8,29384.008,1467.7675,68.0977
Iceland,ISL,2008,339.9,63963.76,3647.3916,93.064644
India,IND,2008,559.4,4322.484,130.38556,30.143848
Indonesia,IDN,2008,697.1,8165.0615,211.06693,48.464474
Iran (Islamic Republic of),IRN,2008,465.5,15091.251,825.8539,69.379005
Iraq,IRQ,2008,611.2,11511.938,357.4183,68.85698
Ireland,IRL,2008,394.7,62213.645,4059.4507,61.35819
Israel,ISR,2008,347.0,36795.48,1972.6217,91.72929
Italy,ITA,2008,342.0,51806.39,3022.1455,67.907196
Jamaica,JAM,2008,683.3,10490.469,564.9116,53.367413
Japan,JPN,2008,257.0,42518.844,2851.2595,89.29216
Jordan,JOR,2008,520.9,11555.729,762.5608,80.1291
Kazakhstan,KAZ,2008,892.9,24895.664,522.7945,54.128773
Kenya,KEN,2008,496.5,4002.8835,127.639206,31.423027
Kiribati,KIR,2008,1078.0,2172.636,234.16672,45.946133
Kuwait,KWT,2008,421.6,77036.51,1738.1025,100.0
Kyrgyzstan,KGZ,2008,827.9,4894.943,196.92786,35.289715
Lao People's Democratic Republic,LAO,2008,771.2,4367.163,98.7704,29.403435
Latvia,LVA,2008,691.4,28726.973,1085.894,67.84203
Lebanon,LBN,2008,430.2,14955.142,970.62354,87.27698
Lesotho,LSO,2008,817.2,2589.1663,158.69394,25.19663
Liberia,LBR,2008,588.6,1463.124,75.79492,47.10805
Libya,LBY,2008,543.6,21915.197,691.55676,88.147446
Lithuania,LTU,2008,660.5,30457.37,1298.4614,66.75278
Luxembourg,LUX,2008,358.2,135814.61,5725.232,87.60377
Madagascar,MDG,2008,723.8,1794.4023,64.37304,27.318266
Malawi,MWI,2008,651.7,1378.4288,77.48372,15.323803
Malaysia,MYS,2008,548.0,22898.002,613.53674,69.543816
Maldives,MDV,2008,651.3,18344.486,1587.9633,35.933514
Mali,MLI,2008,659.2,2523.1997,80.79733,22.192286
Malta,MLT,2008,389.2,36287.727,2093.5437,94.02948
Mauritania,MRT,2008,502.9,5813.356,100.46786,43.57849
Mauritius,MUS,2008,652.7,17627.111,559.9328,40.61542
Mexico,MEX,2008,478.5,20992.56,853.9444,76.50904
Micronesia (Federated States of),FSM,2008,1011.0,3622.0488,307.9808,22.31112
Mongolia,MNG,2008,929.8,9379.8545,333.60782,66.46931
Morocco,MAR,2008,622.2,6901.9507,309.87518,57.125416
Mozambique,MOZ,2008,671.2,1141.9425,37.882805,30.562536
Myanmar,MMR,2008,771.5,3254.739,57.666855,28.858654
Namibia,NAM,2008,602.2,10286.513,856.329,39.832813
Nepal,NPL,2008,472.3,2852.6099,84.571465,56.910805
Netherlands (Kingdom of the),NLD,2008,378.3,63678.402,4316.769,85.61496
New Zealand,NZL,2008,364.1,41682.246,2585.1313,85.914474
Nicaragua,NIC,2008,411.6,5809.099,289.85544,56.463814
Niger,NER,2008,537.7,1308.2751,52.880817,16.25867
Nigeria,NGA,2008,519.0,7215.7695,157.12384,50.05052
North Macedonia,MKD,2008,696.7,16038.041,681.54816,57.95936
Norway,NOR,2008,363.3,87297.4,4945.3003,78.7541
Oman,OMN,2008,615.1,46586.395,927.7233,73.80777
Pakistan,PAK,2008,734.7,4233.348,95.56634,34.446037
Panama,PAN,2008,378.1,21867.828,1014.27277,64.80887
Papua New Guinea,PNG,2008,697.8,3234.3325,52.90849,13.018561
Paraguay,PRY,2008,449.1,11749.654,497.0958,59.244225
Peru,PER,2008,268.0,11150.026,402.02747,76.27449
Philippines,PHL,2008,618.1,5987.0376,198.73384,43.15475
Poland,POL,2008,552.5,25553.906,1167.3173,61.125877
Portugal,PRT,2008,393.1,37291.504,2556.5798,60.351
Qatar,QAT,2008,825.6,114879.22,2016.3916,98.12952
Republic of Korea,KOR,2008,354.4,37064.152,1661.1074,81.83508
Republic of Moldova,MDA,2008,929.2,9563.698,455.955,39.37107
Romania,ROU,2008,654.8,27039.6,838.9413,53.629787
Russian Federation,RUS,2008,850.7,34342.227,1051.5247,73.48225
Rwanda,RWA,2008,649.6,1704.2545,90.030754,16.917088
Saint Lucia,LCA,2008,483.0,21443.26,655.1007,19.819294
Saint Vincent and the Grenadines,VCT,2008,516.7,13850.394,423.1497,45.822342
Samoa,WSM,2008,769.4,6183.5557,229.70311,20.403845
Sao Tome and Principe,STP,2008,618.0,4873.181,159.35835,63.869015
Saudi Arabia,SAU,2008,638.0,54407.707,1702.0808,81.64414
Senegal,SEN,2008,628.5,3359.7056,90.50262,42.86775
Serbia,SRB,2008,696.8,17983.281,1195.3458,58.894463
Seychelles,SYC,2008,630.1,21990.37,615.6941,42.696636
Sierra Leone,SLE,2008,694.0,2404.652,98.54202,37.872597
Singapore,SGP,2008,313.7,88083.29,2178.771,100.0
Slovakia,SVK,2008,597.1,29544.09,1651.4254,54.89593
Slovenia,SVN,2008,411.6,41286.348,2338.0967,50.362003
Solomon Islands,SLB,2008,975.9,2490.102,98.63776,19.037
South Africa,ZAF,2008,634.7,14297.688,895.3463,61.7693
Spain,ESP,2008,349.5,44926.348,2828.6409,78.042145
Sri Lanka,LKA,2008,560.6,8897.827,282.04196,16.276236
Sudan,SDN,2008,626.2,4446.4097,213.53789,32.481625
Suriname,SUR,2008,532.2,21515.812,614.88116,66.5777
Sweden,SWE,2008,353.8,55777.4,3461.041,84.75174
Switzerland,CHE,2008,317.3,77103.72,5132.8706,73.548294
Syrian Arab Republic,SYR,2008,690.3,9093.13,192.85544,54.585846
Tajikistan,TJK,2008,795.0,2308.0942,124.643234,26.530602
Thailand,THA,2008,418.6,15893.509,417.2711,41.89545
Timor-Leste,TLS,2008,522.3,3530.882,116.58339,28.807674
Togo,TGO,2008,757.0,2082.642,53.466324,36.680832
Tonga,TON,2008,668.7,5759.306,247.32904,23.2889
Trinidad and Tobago,TTO,2008,570.5,35825.332,1087.1086,54.676186
Tunisia,TUN,2008,502.1,11990.196,512.4683,66.067604
Turkmenistan,TKM,2008,827.1,7870.0273,467.42804,46.86581
Türkiye,TUR,2008,490.8,19839.584,830.8455,66.51365
Uganda,UGA,2008,610.5,2110.1006,102.49066,16.507065
Ukraine,UKR,2008,864.0,18883.986,493.71255,68.375206
United Arab Emirates,ARE,2008,296.8,80285.164,2723.9834,82.9659
United Kingdom of Great Britain and Northern Ireland,GBR,2008,394.2,49629.05,3318.2283,80.75477
United Republic of Tanzania,TZA,2008,481.9,2493.2593,102.3351,26.785133
United States of America,USA,2008,425.1,60806.223,7364.9385,80.62197
Uruguay,URY,2008,469.2,22249.375,1351.771,93.459755
Uzbekistan,UZB,2008,1159.0,5145.9917,257.18918,51.794357
Vanuatu,VUT,2008,1002.0,3850.279,84.78895,23.928026
Viet Nam,VNM,2008,590.2,6659.1357,211.21503,29.219833
Yemen,YEM,2008,709.1,,194.14778,29.964664
Zambia,ZMB,2008,604.7,2908.1436,121.690506,38.962963
"occupied Palestinian territory, including east Jerusalem",PSE,2008,765.4,4984.8057,349.68735,83.09791
Global Average,GLOBAL,2009,588.964606741573,,,
Afghanistan,AFG,2009,1001.0,2565.022,153.09306,21.688547
Albania,ALB,2009,527.2,11430.574,507.54532,50.613243
Algeria,DZA,2009,558.8,14104.428,667.84357,66.509735
Angola,AGO,2009,692.6,10930.253,249.69917,59.377533
Antigua and Barbuda,ATG,2009,501.2,28405.69,963.37756,26.480835
Argentina,ARG,2009,457.2,25747.197,1548.3864,90.8209
Armenia,ARM,2009,700.6,10143.235,598.6907,64.35195
Australia,AUS,2009,320.7,52407.91,3545.9158,86.127815
Austria,AUT,2009,381.4,58810.36,4197.421,67.07059
Azerbaijan,AZE,2009,844.5,19242.39,382.17648,53.13581
Bahamas,BHS,2009,564.0,32630.264,1507.4049,82.39776
Bahrain,BHR,2009,852.0,50665.75,2094.701,98.32778
Bangladesh,BGD,2009,587.9,3942.1362,58.406742,27.311125
Barbados,BRB,2009,495.3,22354.84,1375.2886,59.29449
Belarus,BLR,2009,781.9,22236.838,756.30804,74.19096
Belgium,BEL,2009,368.3,55258.707,4010.7922,84.70258
Belize,BLZ,2009,464.0,12033.91,438.95163,45.458973
Benin,BEN,2009,635.0,2758.0725,64.17633,42.33854
Bhutan,BTN,2009,506.8,9019.118,201.37894,33.33968
Bolivia (Plurinational State of),BOL,2009,557.2,9011.557,254.57343,65.97819
Bosnia and Herzegovina,BIH,2009,516.0,11826.65,826.7392,45.424603
Botswana,BWA,2009,713.4,13489.951,773.7019,62.750187
Brazil,BRA,2009,512.8,16939.441,1124.1216,84.06984
Brunei Darussalam,BRN,2009,481.6,87875.83,1862.3185,75.0713
Bulgaria,BGR,2009,678.5,21251.217,932.4863,71.301735
Burkina Faso,BFA,2009,684.3,1779.323,70.661026,23.745232
Burundi,BDI,2009,677.6,985.18475,55.61089,10.49799
Cabo Verde,CPV,2009,418.0,6994.574,209.98454,60.90642
Cambodia,KHM,2009,700.7,3587.609,180.06007,20.197973
Cameroon,CMR,2009,706.8,4286.577,100.76249,50.471413
Canada,CAN,2009,340.3,51552.402,4135.877,80.859184
Central African Republic,CAF,2009,886.2,1402.6816,41.08397,38.476677
Chad,TCD,2009,668.1,2474.7075,70.95017,21.77844
Chile,CHL,2009,377.9,23019.03,1156.5143,86.91249
China,CHN,2009,617.8,9518.682,357.3471,48.341705
Colombia,COL,2009,423.9,13586.752,750.4342,76.59641
Comoros,COM,2009,618.1,3171.6035,113.51432,28.621798
Congo,COG,2009,765.3,8138.45,102.84601,62.217228
Costa Rica,CRI,2009,321.8,17941.502,992.53656,70.13985
Cote d'Ivoire,CIV,2009,638.6,4151.0845,146.54562,46.79796
Croatia,HRV,2009,540.6,29024.664,1632.6681,55.309666
Cuba,CUB,2009,428.4,,2179.142,76.49303
Cyprus,CYP,2009,354.0,42253.387,2221.2153,67.68361
Czechia,CZE,2009,496.9,38175.14,2015.8228,73.408485
Democratic Republic of the Congo,COD,2009,710.7,1109.1831,25.833887,38.996265
Denmark,DNK,2009,432.9,59185.97,4304.916,86.761765
Djibouti,DJI,2009,593.6,,109.10627,70.63833
Dominican Republic,DOM,2009,445.8,13992.41,495.77377,73.5895
Ecuador,ECU,2009,438.8,11403.527,522.6617,62.658802
Egypt,EGY,2009,820.0,12728.081,389.7386,42.938347
El Salvador,SLV,2009,417.5,8494.498,535.80035,64.52991
Equatorial Guinea,GNQ,2009,564.4,38706.605,556.9602,50.472282
Eritrea,ERI,2009,850.6,,69.31994,35.574203
Estonia,EST,2009,562.7,29281.68,1400.3359,67.73489
Eswatini,SWZ,2009,916.6,7988.5977,615.46356,22.234386
Ethiopia,ETH,2009,527.9,1262.464,41.7629,17.1511
Fiji,FJI,2009,1003.0,9536.817,275.7832,51.5628
Finland,FIN,2009,388.8,52599.15,3478.6328,69.54626
France,FRA,2009,328.5,48404.965,3935.8982,77.10054
Gabon,GAB,2009,676.7,17911.146,509.65417,85.743256
Gambia,GMB,2009,645.5,2745.3254,97.19002,55.33793
Georgia,GEO,2009,773.4,10553.09,671.53827,54.70338
Germany,DEU,2009,390.0,52568.797,4114.7075,80.27452
Ghana,GHA,2009,670.6,4269.16,161.79218,50.111126
Greece,GRC,2009,382.5,39886.215,2858.924,76.017494
Grenada,GRD,2009,866.8,13463.58,559.83746,35.8878
Guatemala,GTM,2009,465.9,9740.714,413.55692,50.742043
Guinea,GIN,2009,663.9,2537.3064,56.110134,33.53524
Guinea-Bissau,GNB,2009,748.8,2103.058,60.628452,39.671642
Guyana,GUY,2009,776.1,9924.526,314.932,26.620075
Haiti,HTI,2009,901.7,3406.295,100.00988,45.378643
Honduras,HND,2009,561.3,5313.756,328.87256,50.67402
Hungary,HUN,2009,637.8,27445.959,1495.3505,68.45926
Iceland,ISL,2009,331.7,58441.273,3672.2493,93.44414
India,IND,2009,547.8,4595.38,137.83293,30.518532
Indonesia,IDN,2009,696.6,8435.456,221.31746,49.16776
Iran (Islamic Republic of),IRN,2009,456.1,15055.149,1019.3081,69.990074
Iraq,IRQ,2009,606.3,11470.518,440.83542,68.974236
Ireland,IRL,2009,392.9,58446.727,4377.334,61.6421
Israel,ISR,2009,324.6,36364.785,2005.1243,91.73197
Italy,ITA,2009,336.3,48774.39,3080.4792,68.04942
Jamaica,JAM,2009,614.3,9992.977,518.2441,53.561817
Japan,JPN,2009,249.2,39999.945,3002.0178,90.11311
Jordan,JOR,2009,498.4,11888.662,856.98663,81.11175
Kazakhstan,KAZ,2009,826.9,24901.354,604.0172,54.116714
Kenya,KEN,2009,505.9,4012.1943,131.23723,31.86031
Kiribati,KIR,2009,1076.0,2138.24,219.2408,47.351025
Kuwait,KWT,2009,384.4,67896.266,2168.075,100.0
Kyrgyzstan,KGZ,2009,818.4,4969.9614,213.31857,35.28155
Lao People's Democratic Republic,LAO,2009,755.1,4625.072,133.11835,30.04203
Latvia,LVA,2009,660.7,24520.68,1027.8475,67.83237
Lebanon,LBN,2009,424.3,16264.351,952.03217,87.45587
Lesotho,LSO,2009,804.8,2538.1934,187.26471,26.259104
Liberia,LBR,2009,609.5,1492.9982,116.24227,47.624527
Libya,LBY,2009,555.6,20518.965,1040.0134,88.13458
Lithuania,LTU,2009,621.5,26227.523,1325.6364,66.78166
Luxembourg,LUX,2009,342.5,129004.51,6090.0317,88.03791
Madagascar,MDG,2009,718.5,1673.1555,64.88608,27.59334
Malawi,MWI,2009,646.6,1449.7261,78.8609,15.401531
Malaysia,MYS,2009,555.7,22106.643,646.35596,70.24626
Maldives,MDV,2009,635.2,16230.009,1246.2542,36.371826
Mali,MLI,2009,662.4,2575.5454,85.46142,22.655796
Malta,MLT,2009,377.8,35512.676,2119.5525,94.14237
Mauritania,MRT,2009,504.9,5639.7876,101.2247,44.759182
Mauritius,MUS,2009,635.5,18171.688,614.1661,40.45482
Mexico,MEX,2009,470.8,19385.543,888.4441,76.5144
Micronesia (Federated States of),FSM,2009,1007.0,3702.3613,331.87125,22.299538
Mongolia,MNG,2009,953.5,9095.977,320.58295,67.365906
Morocco,MAR,2009,619.4,7063.727,351.67313,57.730618
Mozambique,MOZ,2009,693.8,1178.7091,48.103592,30.771559
Myanmar,MMR,2009,741.5,3578.1743,64.05587,29.003393
Namibia,NAM,2009,659.7,10166.29,790.02045,40.85249
Nepal,NPL,2009,486.2,2961.839,90.30071,59.86386
Netherlands (Kingdom of the),NLD,2009,365.1,61029.734,4464.4546,86.22232
New Zealand,NZL,2009,356.5,41251.0,2808.673,85.89184
Nicaragua,NIC,2009,410.1,5538.3657,298.18417,56.6511
Niger,NER,2009,547.0,1285.2776,53.172756,16.251118
Nigeria,NGA,2009,519.3,7581.406,167.29288,50.864536
North Macedonia,MKD,2009,681.8,16084.228,715.29584,58.028015
Norway,NOR,2009,350.4,84812.69,5054.629,79.05708
Oman,OMN,2009,599.6,48304.117,1361.3435,74.53387
Pakistan,PAK,2009,729.3,4270.439,94.42573,34.628025
Panama,PAN,2009,370.6,21822.996,1043.1136,64.97304
Papua New Guinea,PNG,2009,691.5,3350.0728,60.152866,13.008427
Paraguay,PRY,2009,450.8,11599.82,541.53796,59.36661
Peru,PER,2009,283.0,11202.865,446.02164,76.82215
Philippines,PHL,2009,626.4,5965.307,214.77583,44.33568
Poland,POL,2009,546.5,26204.41,1267.9564,60.980076
Portugal,PRT,2009,384.3,36092.812,2681.7207,60.806637
Qatar,QAT,2009,796.1,114069.65,2745.1895,98.34949
Republic of Korea,KOR,2009,331.9,37176.195,1774.5508,81.92451
Republic of Moldova,MDA,2009,918.2,9001.234,539.44806,39.325535
Romania,ROU,2009,654.4,25761.63,874.7415,53.787514
Russian Federation,RUS,2009,815.3,31654.004,1163.717,73.52887
Rwanda,RWA,2009,633.1,1764.6349,96.765884,16.920689
Saint Lucia,LCA,2009,460.7,20706.506,659.8849,18.980595
Saint Vincent and the Grenadines,VCT,2009,496.1,13723.784,444.93848,45.942078
Samoa,WSM,2009,753.5,6104.9097,258.03085,20.104532
Sao Tome and Principe,STP,2009,607.7,4919.1953,155.97005,65.08323
Saudi Arabia,SAU,2009,586.5,51760.766,2352.815,81.86445
Senegal,SEN,2009,627.6,3371.4617,100.10074,43.237732
Serbia,SRB,2009,688.6,17488.123,1169.1594,59.16435
Seychelles,SYC,2009,616.6,21361.13,588.7232,42.670887
Sierra Leone,SLE,2009,690.6,2376.5825,109.47619,38.249634
Singapore,SGP,2009,288.5,85575.76,2255.672,100.0
Slovakia,SVK,2009,582.0,27880.41,1835.7092,54.726036
Slovenia,SVN,2009,406.6,37809.17,2360.33,50.243977
Solomon Islands,SLB,2009,975.2,2515.2131,122.06422,19.563374
South Africa,ZAF,2009,627.4,13910.702,937.9264,62.259285
Spain,ESP,2009,340.7,42852.223,2955.294,78.29199
Sri Lanka,LKA,2009,549.4,9156.319,307.32376,16.742813
Sudan,SDN,2009,621.2,4188.0547,238.6359,32.57746
Suriname,SUR,2009,518.3,21906.41,660.602,66.50589
Sweden,SWE,2009,344.7,52950.71,3533.4158,84.934105
Switzerland,CHE,2009,315.5,74672.95,5376.3896,73.57412
Syrian Arab Republic,SYR,2009,682.6,9481.57,211.85724,55.029366
Tajikistan,TJK,2009,784.0,2349.5002,127.11661,26.529186
Thailand,THA,2009,404.1,15667.6045,433.02664,42.99913
Timor-Leste,TLS,2009,594.5,3792.3584,132.32358,29.400766
Togo,TGO,2009,757.3,2126.4414,57.895115,37.119503
Tonga,TON,2009,671.8,5454.5737,154.53003,23.361206
Trinidad and Tobago,TTO,2009,539.1,34212.27,1570.6978,54.39203
Tunisia,TUN,2009,499.0,12229.775,550.5255,66.33622
Turkmenistan,TKM,2009,735.8,8186.8784,398.71524,46.892536
Türkiye,TUR,2009,510.8,18612.193,843.4661,67.84014
Uganda,UGA,2009,592.7,2188.299,117.70363,17.612352
Ukraine,UKR,2009,802.1,16092.796,508.9905,68.52515
United Arab Emirates,ARE,2009,306.5,71488.97,3375.1367,83.1702
United Kingdom of Great Britain and Northern Ireland,GBR,2009,375.9,46995.547,3446.9448,80.86922
United Republic of Tanzania,TZA,2009,473.4,2560.811,96.649345,27.498388
United States of America,USA,2009,411.3,58722.496,7614.824,80.685036
Uruguay,URY,2009,457.1,23138.074,1372.8137,93.93373
Uzbekistan,UZB,2009,1085.0,5471.8203,287.67935,51.610504
Vanuatu,VUT,2009,1003.0,3867.758,88.78408,24.286175
Viet Nam,VNM,2009,591.1,6914.339,226.97528,29.758135
Yemen,YEM,2009,700.7,,204.16216,30.30315
Zambia,ZMB,2009,607.8,3065.8442,150.10526,39.49083
"occupied Palestinian territory, including east Jerusalem",PSE,2009,755.2,5270.663,381.55206,83.505035
Global Average,GLOBAL,2010,587.9653631284916,,,
Afghanistan,AFG,2010,982.3,2848.5862,148.28574,22.26148
Albania,ALB,2010,499.2,11829.004,597.19324,51.881577
Algeria,DZA,2010,562.7,14496.421,658.9454,67.123505
Angola,AGO,2010,673.4,11074.072,178.06584,60.131027
Antigua and Barbuda,ATG,2010,499.7,25826.61,1140.094,26.017044
Argentina,ARG,2010,468.4,28056.258,1692.8896,90.993004
Armenia,ARM,2010,689.7,10438.564,680.6937,64.330414
Australia,AUS,2010,314.7,52739.27,3587.3801,86.21986
Austria,AUT,2010,371.3,59730.47,4312.0576,67.104744
Azerbaijan,AZE,2010,823.0,19925.39,384.57742,53.284836
Bahamas,BHS,2010,572.1,32711.459,1561.0135,82.41981
Bahrain,BHR,2010,855.6,50704.848,1956.4109,100.0
Bangladesh,BGD,2010,576.2,4125.464,64.83714,27.725437
Barbados,BRB,2010,488.2,20464.795,1121.2953,59.236603
Belarus,BLR,2010,792.5,24012.613,867.1133,74.55014
Belgium,BEL,2010,369.1,56240.203,4170.411,84.97193
Belize,BLZ,2010,466.7,11913.664,435.79755,45.191483
Benin,BEN,2010,638.9,2733.574,67.020226,42.89169
Bhutan,BTN,2010,498.1,9985.284,215.35167,33.905197
Bolivia (Plurinational State of),BOL,2010,554.0,9230.398,265.34586,66.40757
Bosnia and Herzegovina,BIH,2010,509.0,12142.861,859.2392,45.739216
Botswana,BWA,2010,711.9,14545.02,799.27313,63.4946
Brazil,BRA,2010,511.3,18062.158,1148.2129,84.34385
Brunei Darussalam,BRN,2010,482.9,88586.516,1812.2108,75.250656
Bulgaria,BGR,2010,686.9,21724.287,1057.3508,71.51493
Burkina Faso,BFA,2010,683.4,1873.9714,76.66969,24.115093
Burundi,BDI,2010,676.9,988.0187,69.23177,10.98431
Cabo Verde,CPV,2010,414.9,7072.1216,246.42574,61.79743
Cambodia,KHM,2010,700.2,3711.5376,168.16707,21.123224
Cameroon,CMR,2010,706.2,4286.583,104.244026,50.850506
Canada,CAN,2010,331.7,52558.42,4266.8203,81.01209
Central African Republic,CAF,2010,856.9,1479.4137,33.404423,38.624496
Chad,TCD,2010,669.6,2717.4055,71.903435,21.847239
Chile,CHL,2010,386.2,24122.479,1221.9259,86.95602
China,CHN,2010,611.3,10476.152,384.183,49.234028
Colombia,COL,2010,426.1,14037.064,758.86346,76.7233
Comoros,COM,2010,617.7,3226.635,118.42652,28.854097
Congo,COG,2010,754.1,8583.662,94.90238,62.39229
Costa Rica,CRI,2010,353.4,18670.168,1067.7583,71.50815
Cote d'Ivoire,CIV,2010,672.2,4338.6846,151.51944,47.23743
Croatia,HRV,2010,528.8,28701.875,1599.1201,55.282497
Cuba,CUB,2010,439.4,,2028.6156,76.60992
Cyprus,CYP,2010,350.6,42102.28,2205.475,67.52291
Czechia,CZE,2010,483.2,39097.387,2108.1628,73.34956
Democratic Republic of the Congo,COD,2010,708.6,1166.983,23.049753,39.391365
Denmark,DNK,2010,423.1,59856.348,4560.7188,86.86524
Djibouti,DJI,2010,573.6,,103.96272,70.64866
Dominican Republic,DOM,2010,433.2,14975.001,554.7809,74.164276
Ecuador,ECU,2010,434.4,11665.698,569.4583,62.740524
Egypt,EGY,2010,823.2,13128.988,385.94354,42.905716
El Salvador,SLV,2010,416.2,8648.93,556.32684,65.43279
Equatorial Guinea,GNQ,2010,566.3,33668.875,453.65506,53.12188
Eritrea,ERI,2010,845.1,,67.75974,35.634655
Estonia,EST,2010,540.6,30067.502,1423.4746,67.8048
Eswatini,SWZ,2010,1089.0,8245.642,639.69965,22.333078
Ethiopia,ETH,2010,518.3,1381.1904,54.435535,17.493784
Fiji,FJI,2010,1007.0,9784.304,276.69763,52.041515
Finland,FIN,2010,385.8,54017.945,3560.7957,69.78558
France,FRA,2010,324.6,49130.42,4053.723,77.09628
Gabon,GAB,2010,669.0,18530.576,346.94336,86.18526
Gambia,GMB,2010,629.1,2824.2126,93.38133,56.01109
Georgia,GEO,2010,774.6,11294.368,676.1952,55.196934
Germany,DEU,2010,383.4,54826.254,4301.946,80.3057
Ghana,GHA,2010,664.5,4495.689,184.70592,50.729694
Greece,GRC,2010,377.7,37566.75,2678.7488,76.363144
Grenada,GRD,2010,845.7,13354.908,560.61273,35.874336
Guatemala,GTM,2010,477.8,9825.022,406.84518,51.327038
Guinea,GIN,2010,682.4,2594.8306,55.58871,33.80754
Guinea-Bissau,GNB,2010,738.7,2164.2683,66.72216,40.00956
Guyana,GUY,2010,764.3,10374.395,331.55396,26.459219
Haiti,HTI,2010,888.2,3176.5095,122.58364,46.067974
Honduras,HND,2010,570.3,5396.0723,327.85962,51.327374
Hungary,HUN,2010,625.4,27801.834,1616.9275,69.53055
Iceland,ISL,2010,330.5,57225.1,3324.1052,93.45883
India,IND,2010,549.5,4913.8765,140.33836,30.904219
Indonesia,IDN,2010,697.2,8848.225,233.13481,49.85214
Iran (Islamic Republic of),IRN,2010,446.2,15729.913,1109.2611,70.60926
Iraq,IRQ,2010,600.0,11816.841,394.77823,69.0583
Ireland,IRL,2010,359.0,59107.42,4557.419,61.891068
Israel,ISR,2010,321.3,37686.344,2096.7344,91.73164
Italy,ITA,2010,324.8,49301.695,3112.5142,68.21638
Jamaica,JAM,2010,567.4,9805.901,520.5384,53.753567
Japan,JPN,2010,250.9,41647.047,3199.5674,90.622856
Jordan,JOR,2010,485.3,11942.572,769.3639,82.26011
Kazakhstan,KAZ,2010,850.0,26374.84,510.11694,54.205414
Kenya,KEN,2010,521.3,4211.5244,141.98116,31.871328
Kiribati,KIR,2010,1077.0,2119.9119,150.86305,48.460384
Kuwait,KWT,2010,343.7,62956.215,2014.0248,100.0
Kyrgyzstan,KGZ,2010,801.4,4876.4795,212.80185,35.26777
Lao People's Democratic Republic,LAO,2010,742.8,4946.1055,115.67115,30.64686
Latvia,LVA,2010,654.7,24119.73,1067.8075,67.827065
Lebanon,LBN,2010,418.0,17390.758,1093.7461,87.63922
Lesotho,LSO,2010,963.8,2651.378,165.19003,27.400482
Liberia,LBR,2010,624.0,1538.8508,114.17308,48.14075
Libya,LBY,2010,553.3,21115.525,991.8772,88.117714
Lithuania,LTU,2010,617.6,26897.725,1349.8138,66.771286
Luxembourg,LUX,2010,336.2,131434.36,6078.016,88.487915
Madagascar,MDG,2010,717.9,1635.2451,68.76745,27.865168
Malawi,MWI,2010,629.5,1504.3751,72.52932,15.477697
Malaysia,MYS,2010,553.2,23307.97,648.1486,70.86253
Maldives,MDV,2010,624.8,16730.014,1093.9668,36.764614
Mali,MLI,2010,658.1,2632.2646,78.937614,23.135946
Malta,MLT,2010,371.8,37528.734,2286.3303,94.24124
Mauritania,MRT,2010,503.2,5605.7637,86.3121,45.954193
Mauritius,MUS,2010,614.2,18925.572,701.0318,40.304615
Mexico,MEX,2010,482.6,20058.385,873.354,76.524445
Micronesia (Federated States of),FSM,2010,1003.0,3780.2512,361.96512,22.290354
Mongolia,MNG,2010,939.8,9507.119,285.4875,67.8298
Morocco,MAR,2010,617.3,7210.6367,375.8435,58.32875
Mozambique,MOZ,2010,717.5,1224.2302,52.937717,30.986177
Myanmar,MMR,2010,725.5,3893.7903,61.104813,29.141533
Namibia,NAM,2010,652.2,10614.62,894.0485,41.794617
Nepal,NPL,2010,493.8,3085.314,106.42123,62.01566
Netherlands (Kingdom of the),NLD,2010,362.2,61518.58,4584.604,87.35028
New Zealand,NZL,2010,340.6,41395.37,2848.0325,85.861404
Nicaragua,NIC,2010,395.3,5701.1274,311.66202,56.84231
Niger,NER,2010,551.1,1344.4989,52.331837,16.24163
Nigeria,NGA,2010,511.6,7962.6396,149.82187,51.67782
North Macedonia,MKD,2010,667.0,16731.09,763.9197,58.12068
Norway,NOR,2010,350.4,84604.516,5190.1245,79.245
Oman,OMN,2010,648.2,48191.613,1378.2631,75.157974
Pakistan,PAK,2010,720.7,4228.7817,91.98029,34.815918
Panama,PAN,2010,379.0,22739.12,1135.3507,65.09261
Papua New Guinea,PNG,2010,698.5,3579.6301,58.861263,13.002192
Paraguay,PRY,2010,463.9,12736.968,595.42194,59.51228
Peru,PER,2010,294.8,12057.392,462.35614,77.40209
Philippines,PHL,2010,614.1,6273.039,226.76465,45.520817
Poland,POL,2010,520.3,27112.133,1351.6937,60.847477
Portugal,PRT,2010,376.9,36703.113,2734.485,61.078888
Qatar,QAT,2010,745.7,132502.28,2566.636,98.50662
Republic of Korea,KOR,2010,326.0,39574.05,1948.6875,81.968506
Republic of Moldova,MDA,2010,929.1,9649.951,520.4409,39.280495
Romania,ROU,2010,647.0,24902.904,976.40875,53.903824
Russian Federation,RUS,2010,803.1,33063.586,1083.1472,73.66963
Rwanda,RWA,2010,628.3,1846.8633,106.19062,16.925558
Saint Lucia,LCA,2010,445.4,20648.785,642.568,18.512506
Saint Vincent and the Grenadines,VCT,2010,518.5,13175.723,454.4329,46.06264
Samoa,WSM,2010,765.7,6428.1353,269.38367,19.83021
Sao Tome and Principe,STP,2010,594.0,4882.048,158.17316,66.05722
Saudi Arabia,SAU,2010,534.6,54911.547,2047.3647,82.07917
Senegal,SEN,2010,616.8,3403.5671,107.23622,43.63718
Serbia,SRB,2010,675.5,17841.432,1216.5818,59.350555
Seychelles,SYC,2010,595.8,21708.756,780.3269,42.66031
Sierra Leone,SLE,2010,693.2,2459.768,106.76479,38.64173
Singapore,SGP,2010,283.6,96280.016,2411.372,100.0
Slovakia,SVK,2010,573.4,29745.92,1947.5238,54.565075
Slovenia,SVN,2010,393.6,38063.316,2384.84,50.119488
Solomon Islands,SLB,2010,967.8,2682.629,96.05609,20.119406
South Africa,ZAF,2010,684.3,14164.996,984.89764,62.629913
Spain,ESP,2010,331.7,42695.527,2922.4543,78.51382
Sri Lanka,LKA,2010,526.1,9832.187,308.05713,17.248621
Sudan,SDN,2010,608.2,4219.837,192.49292,32.717403
Suriname,SUR,2010,515.1,22772.475,655.93964,66.433846
Sweden,SWE,2010,343.2,55520.434,3506.3638,85.13342
Switzerland,CHE,2010,309.7,76308.805,5437.631,73.60867
Syrian Arab Republic,SYR,2010,693.8,9749.574,206.49654,55.6962
Tajikistan,TJK,2010,738.5,2449.2737,131.39214,26.527431
Thailand,THA,2010,401.6,16732.188,438.41663,44.001873
Timor-Leste,TLS,2010,585.5,4047.2495,126.53429,29.639885
Togo,TGO,2010,751.4,2181.5989,66.59814,37.55459
Tonga,TON,2010,678.9,5489.4536,190.69196,23.424362
Trinidad and Tobago,TTO,2010,529.1,35145.125,1510.3431,54.08996
Tunisia,TUN,2010,496.2,12458.271,592.0939,66.628006
Turkmenistan,TKM,2010,689.2,8758.896,448.25427,46.91717
Türkiye,TUR,2010,508.7,19897.447,868.31616,69.34712
Uganda,UGA,2010,584.6,2244.606,141.44057,18.799065
Ukraine,UKR,2010,782.4,16811.795,554.7999,68.6374
United Arab Emirates,ARE,2010,331.7,70913.76,3101.9739,83.37143
United Kingdom of Great Britain and Northern Ireland,GBR,2010,372.0,47682.652,3571.774,80.99516
United Republic of Tanzania,TZA,2010,472.1,2654.8035,104.47859,28.196896
United States of America,USA,2010,407.7,59797.074,7836.0884,80.699776
Uruguay,URY,2010,467.1,24879.826,1475.0114,94.33332
Uzbekistan,UZB,2010,1085.0,5794.9805,291.72372,51.332165
Vanuatu,VUT,2010,984.7,3825.7566,96.39211,24.742504
Viet Nam,VNM,2010,593.3,7274.733,273.31213,30.250402
Yemen,YEM,2010,689.2,,185.89195,30.623285
Zambia,ZMB,2010,610.9,3266.5076,128.06586,39.955887
Zimbabwe,ZWE,2010,912.7,3885.4106,182.33223,32.72845
"occupied Palestinian territory, including east Jerusalem",PSE,2010,748.5,5432.2437,337.2892,83.885345
Global Average,GLOBAL,2011,578.6483333333333,,,
Afghanistan,AFG,2011,973.4,2757.0525,146.84439,22.82057
Albania,ALB,2011,482.2,12153.063,629.7737,53.291737
Algeria,DZA,2011,562.6,14641.964,706.47296,67.7344
Angola,AGO,2011,672.1,11034.592,177.55705,60.843163
Antigua and Barbuda,ATG,2011,509.2,25023.918,1145.0205,25.69469
Argentina,ARG,2011,458.7,29425.76,1816.9655,91.10723
Armenia,ARM,2011,672.7,10990.177,740.4285,64.32075
Australia,AUS,2011,314.6,53257.047,3770.5007,86.3269
Austria,AUT,2011,359.6,61272.17,4486.4897,67.14842
Azerbaijan,AZE,2011,795.6,19358.078,380.8002,53.508545
Bahamas,BHS,2011,557.3,32535.662,1605.0594,82.41303
Bahrain,BHR,2011,834.8,53132.33,1939.612,100.0
Bangladesh,BGD,2011,520.6,4352.4263,72.137566,28.110016
Barbados,BRB,2011,482.6,20383.254,1152.3843,59.236694
Belarus,BLR,2011,771.3,25404.756,806.4455,75.05975
Belgium,BEL,2011,357.5,56585.3,4309.525,85.23496
Belize,BLZ,2011,456.6,11641.771,439.20804,44.94178
Benin,BEN,2011,642.8,2732.0125,67.9148,43.461613
Bhutan,BTN,2011,494.6,10714.687,221.31326,34.46376
Bolivia (Plurinational State of),BOL,2011,553.2,9554.445,278.75217,66.83372
Bosnia and Herzegovina,BIH,2011,510.4,12487.649,918.4664,46.05288
Botswana,BWA,2011,717.2,15236.719,800.2831,64.01878
Brazil,BRA,2011,509.5,18627.81,1184.7235,84.622574
Brunei Darussalam,BRN,2011,475.3,90279.664,1542.2982,75.312126
Bulgaria,BGR,2011,666.0,22321.033,1115.2562,72.61017
Burkina Faso,BFA,2011,686.1,1939.8666,71.18728,24.468298
Burundi,BDI,2011,668.7,991.6599,63.306602,11.561666
Cabo Verde,CPV,2011,421.4,7325.784,250.59845,62.741993
Cambodia,KHM,2011,695.7,3921.979,193.52911,22.382479
Cameroon,CMR,2011,703.7,4307.852,115.15404,51.222984
Canada,CAN,2011,323.9,53681.11,4308.3823,81.10314
Central African Republic,CAF,2011,935.5,1517.1484,36.027878,38.803066
Chad,TCD,2011,666.9,2741.0708,68.2026,21.955873
Chile,CHL,2011,366.3,25372.273,1368.169,87.01092
China,CHN,2011,595.2,11404.918,438.52582,51.83003
Colombia,COL,2011,403.6,14852.37,785.9473,76.839005
Comoros,COM,2011,613.2,3293.834,131.05707,29.113674
Congo,COG,2011,747.6,8492.421,90.68889,62.55975
Costa Rica,CRI,2011,332.2,19264.457,1137.6069,72.84266
Cote d'Ivoire,CIV,2011,682.9,4017.4375,135.21423,47.679756
Croatia,HRV,2011,510.2,28769.023,1616.115,55.277378
Cuba,CUB,2011,406.9,,2158.115,76.707664
Cyprus,CYP,2011,346.7,41212.688,2176.952,67.39799
Czechia,CZE,2011,475.9,39708.164,2186.7903,73.287834
Democratic Republic of the Congo,COD,2011,704.9,1124.7721,20.564133,39.78497
Denmark,DNK,2011,401.5,60391.78,4620.8433,87.15677
Djibouti,DJI,2011,585.7,,117.56389,70.67765
Dominican Republic,DOM,2011,429.8,15258.086,590.0034,74.24404
Ecuador,ECU,2011,429.9,12449.078,645.2345,62.794907
Egypt,EGY,2011,809.2,13082.427,411.7774,42.86342
El Salvador,SLV,2011,419.9,8945.932,585.29114,66.33441
Equatorial Guinea,GNQ,2011,563.9,34341.934,420.3639,55.974335
Eritrea,ERI,2011,830.9,,91.48137,35.670628
Estonia,EST,2011,514.1,32453.102,1490.1373,67.877556
Eswatini,SWZ,2011,889.2,8350.892,654.5058,22.463476
Ethiopia,ETH,2011,508.3,1492.5339,49.074566,17.86379
Fiji,FJI,2011,1008.0,10020.695,266.05948,52.533546
Finland,FIN,2011,373.5,55053.39,3773.7942,70.05833
France,FRA,2011,313.4,50085.684,4215.5254,77.11827
Gabon,GAB,2011,668.6,19153.088,378.1417,86.566536
Gambia,GMB,2011,635.3,2519.8398,90.2018,56.66967
Georgia,GEO,2011,772.8,12288.683,655.431,55.689926
Germany,DEU,2011,371.6,57950.957,4568.982,80.340576
Ghana,GHA,2011,665.6,5005.367,200.02821,51.33041
Greece,GRC,2011,374.3,33906.492,2356.137,76.63526
Grenada,GRD,2011,710.3,13397.85,614.66156,35.860107
Guatemala,GTM,2011,476.5,10032.094,409.43964,51.865746
Guinea,GIN,2011,679.8,2673.4087,64.62261,34.073204
Guinea-Bissau,GNB,2011,720.2,2278.5476,91.48993,40.439114
Guyana,GUY,2011,758.4,10958.86,378.6845,26.4
Haiti,HTI,2011,894.6,3300.8745,168.97594,46.752377
Honduras,HND,2011,590.0,5488.4336,342.94568,51.99089
Hungary,HUN,2011,609.6,28415.117,1720.4894,69.478
Iceland,ISL,2011,323.1,57837.86,3378.0312,93.411064
India,IND,2011,556.2,5098.675,144.61488,31.27465
Indonesia,IDN,2011,691.0,9274.97,267.16467,50.483
Iran (Islamic Republic of),IRN,2011,437.7,15947.766,1127.3197,71.20405
Iraq,IRQ,2011,593.6,12267.585,361.94534,69.12522
Ireland,IRL,2011,368.7,59797.055,4784.7456,62.087273
Israel,ISR,2011,315.8,39036.023,2215.2993,91.7304
Italy,ITA,2011,325.9,49473.016,3180.6545,68.401505
Jamaica,JAM,2011,620.2,9932.483,544.9017,53.956585
Japan,JPN,2011,250.5,41640.66,3790.2876,90.86317
Jordan,JOR,2011,478.0,11988.496,784.8116,83.55051
Kazakhstan,KAZ,2011,829.2,27946.16,524.6354,54.39961
Kenya,KEN,2011,528.8,4307.106,143.07344,31.867395
Kiribati,KIR,2011,1081.0,2150.6584,142.66783,49.122818
Kuwait,KWT,2011,312.0,64844.5,1843.9735,100.0
Kyrgyzstan,KGZ,2011,801.9,5092.8516,231.00494,35.24665
Lao People's Democratic Republic,LAO,2011,731.0,5266.879,81.657974,31.214687
Latvia,LVA,2011,615.0,25308.732,1093.8683,67.82669
Lebanon,LBN,2011,420.9,17353.195,1224.5327,87.82708
Lesotho,LSO,2011,985.1,2749.3196,209.37796,28.615036
Liberia,LBR,2011,643.6,1601.0337,122.95909,48.65833
Libya,LBY,2011,573.5,10741.921,630.9132,88.097046
Lithuania,LTU,2011,597.1,29251.877,1472.8187,66.75183
Luxembourg,LUX,2011,328.9,129887.625,5694.8833,88.95628
Madagascar,MDG,2011,715.7,1614.5514,66.70125,28.13368
Malawi,MWI,2011,633.1,1533.2289,78.07452,15.552316
Malaysia,MYS,2011,535.9,24115.818,716.8407,71.424515
Maldives,MDV,2011,608.0,17581.768,1092.5237,37.12746
Mali,MLI,2011,658.6,2623.3462,69.08694,23.637968
Malta,MLT,2011,361.4,37740.848,2455.2397,94.31559
Mauritania,MRT,2011,494.1,5653.2173,84.550026,47.13504
Mauritius,MUS,2011,603.5,19678.602,698.5068,40.16659
Mexico,MEX,2011,463.2,20457.6,915.30164,76.56678
Micronesia (Federated States of),FSM,2011,1002.0,3917.4465,378.91064,22.291466
Mongolia,MNG,2011,918.0,10960.096,322.55774,67.91961
Montenegro,MNE,2011,580.9,20110.486,1130.1046,64.42109
Morocco,MAR,2011,618.7,7503.793,394.33017,58.902576
Mozambique,MOZ,2011,727.6,1275.5295,52.350563,31.206223
Myanmar,MMR,2011,707.4,4078.6123,63.86042,29.272476
Namibia,NAM,2011,612.9,10965.273,963.6635,42.62761
Nepal,NPL,2011,510.6,3176.6504,100.08535,63.13995
Netherlands (Kingdom of the),NLD,2011,352.4,62318.14,4779.42,88.00592
New Zealand,NZL,2011,347.4,41961.92,2982.5955,85.82332
Nicaragua,NIC,2011,409.0,5976.2524,322.18283,57.036243
Niger,NER,2011,563.9,1325.9265,51.76894,16.230307
Nigeria,NGA,2011,506.4,8153.5317,156.71645,52.490353
North Macedonia,MKD,2011,666.9,17201.236,768.8051,58.24095
Norway,NOR,2011,340.0,84670.836,5492.077,79.31162
Oman,OMN,2011,641.0,44440.31,1171.5822,75.65858
Pakistan,PAK,2011,715.8,4246.067,86.5621,35.011368
Panama,PAN,2011,364.5,24999.47,1202.5742,65.18967
Papua New Guinea,PNG,2011,700.9,3515.2832,66.95041,13.000003
Paraguay,PRY,2011,456.4,13107.811,666.169,59.6935
Peru,PER,2011,288.1,12724.883,472.07217,78.01182
Philippines,PHL,2011,613.3,6388.313,229.65439,46.683365
Poland,POL,2011,502.9,28521.662,1424.4879,60.73571
Portugal,PRT,2011,357.9,36127.297,2601.1301,61.14107
Qatar,QAT,2011,677.9,149025.11,2506.6084,98.63006
Republic of Korea,KOR,2011,311.5,40719.227,2036.7006,81.96154
Republic of Moldova,MDA,2011,812.2,10217.309,505.15826,39.346916
Romania,ROU,2011,617.0,26150.748,839.33435,53.960888
Russian Federation,RUS,2011,745.4,34444.645,1084.9591,73.853485
Rwanda,RWA,2011,623.7,1945.5371,112.07502,16.932358
Saint Lucia,LCA,2011,426.6,21430.023,682.0524,18.474348
Saint Vincent and the Grenadines,VCT,2011,538.0,13168.896,455.7832,46.18403
Samoa,WSM,2011,765.2,6617.6187,295.70712,19.617428
Sao Tome and Principe,STP,2011,582.5,4876.473,156.93404,66.7276
Saudi Arabia,SAU,2011,476.2,58645.445,2256.0898,82.25439
Senegal,SEN,2011,614.7,3362.8794,113.148285,44.068966
Serbia,SRB,2011,670.3,17986.584,1249.8495,59.434917
Seychelles,SYC,2011,580.4,24406.412,822.2367,42.673985
Sierra Leone,SLE,2011,683.1,2590.5283,133.20248,39.047215
Singapore,SGP,2011,277.2,100153.73,2525.494,100.0
Slovakia,SVK,2011,546.8,30468.826,1918.6359,54.41674
Slovenia,SVN,2011,380.2,38233.29,2472.8967,49.94638
Solomon Islands,SLB,2011,969.6,2777.8345,114.487885,20.728489
South Africa,ZAF,2011,655.2,14434.261,1044.1405,62.850628
Spain,ESP,2011,327.5,42271.836,2955.8105,78.6954
Sri Lanka,LKA,2011,531.4,10618.492,325.0817,17.788118
Sudan,SDN,2011,622.3,4467.626,205.34811,32.905975
Suriname,SUR,2011,507.8,23829.533,657.51886,66.36752
Sweden,SWE,2011,334.8,56846.137,4672.3438,85.36008
Switzerland,CHE,2011,302.4,76527.336,5807.663,73.65059
Syrian Arab Republic,SYR,2011,700.9,9854.034,169.09831,58.48177
Tajikistan,TJK,2011,712.0,2572.4807,143.90302,26.479221
Thailand,THA,2011,388.9,16768.168,471.98944,44.80487
Timor-Leste,TLS,2011,588.9,4189.8,141.76396,29.633352
Togo,TGO,2011,748.3,2246.562,70.9298,37.987232
Tonga,TON,2011,675.1,5848.1934,204.05328,23.460754
Trinidad and Tobago,TTO,2011,511.5,34769.76,1416.619,53.92536
Tunisia,TUN,2011,483.2,12068.714,638.99335,66.91919
Turkmenistan,TKM,2011,684.5,9837.563,503.4946,46.939754
Türkiye,TUR,2011,503.9,21760.43,911.6805,71.00287
Uganda,UGA,2011,583.9,2384.4653,162.67601,20.056103
Ukraine,UKR,2011,735.0,17783.957,599.4523,68.72343
United Arab Emirates,ARE,2011,347.0,73190.41,3087.057,83.5695
United Kingdom of Great Britain and Northern Ireland,GBR,2011,358.2,47714.29,3645.2983,81.13597
United Republic of Tanzania,TZA,2011,468.4,2779.7078,107.65984,28.865726
United States of America,USA,2011,405.3,60253.203,8015.781,80.695755
Uruguay,URY,2011,460.7,26099.312,1574.2755,94.60368
Uzbekistan,UZB,2011,1074.0,6170.8413,313.08893,51.33955
Vanuatu,VUT,2011,984.3,3861.1821,101.30038,24.786163
Viet Nam,VNM,2011,591.4,7652.619,287.84143,30.699604
Yemen,YEM,2011,682.6,,148.49336,30.923738
Zambia,ZMB,2011,618.6,3335.6433,127.8205,40.36845
Zimbabwe,ZWE,2011,906.6,4358.945,161.20901,32.75673
"occupied Palestinian territory, including east Jerusalem",PSE,2011,733.7,5805.3213,458.86377,84.23409
Global Average,GLOBAL,2012,571.4794444444444,,,
Afghanistan,AFG,2012,956.1,2985.319,157.76176,23.34344
Albania,ALB,2012,501.1,12463.519,646.01044,53.863754
Algeria,DZA,2012,553.2,14697.54,813.99786,68.342125
Angola,AGO,2012,660.0,11516.813,176.20601,61.51142
Antigua and Barbuda,ATG,2012,511.6,25592.906,1108.6702,25.455563
Argentina,ARG,2012,451.2,28825.967,1920.7334,91.204124
Armenia,ARM,2012,653.9,11796.274,845.2599,64.326836
Australia,AUS,2012,303.2,54403.883,3786.9563,86.44513
Austria,AUT,2012,363.9,61376.633,4767.4004,67.20859
Azerbaijan,AZE,2012,753.7,19523.373,500.58005,53.807644
Bahamas,BHS,2012,552.4,33667.555,1650.7455,82.394745
Bahrain,BHR,2012,792.7,54516.84,2226.93,100.0
Bangladesh,BGD,2012,480.8,4592.0483,80.83562,28.478798
Barbados,BRB,2012,473.5,19743.578,1220.1584,59.237217
Belarus,BLR,2012,712.1,25879.133,948.5643,75.52811
Belgium,BEL,2012,362.2,56356.824,4510.1387,85.49154
Belize,BLZ,2012,440.3,11843.415,402.43256,44.690308
Benin,BEN,2012,643.0,2779.7266,72.15687,44.04751
Bhutan,BTN,2012,496.5,11143.944,262.1784,35.018864
Bolivia (Plurinational State of),BOL,2012,546.1,9884.462,308.2483,67.25815
Bosnia and Herzegovina,BIH,2012,502.8,12626.927,977.3259,46.365566
Botswana,BWA,2012,717.7,14957.619,808.7842,64.39932
Brazil,BRA,2012,494.5,18832.219,1175.7812,84.897385
Brunei Darussalam,BRN,2012,473.4,89718.46,1615.0663,75.27142
Bulgaria,BGR,2012,655.6,22618.81,1227.333,72.768486
Burkina Faso,BFA,2012,691.0,2003.6647,72.34659,24.800192
Burundi,BDI,2012,664.5,999.2201,55.182297,12.22446
Cabo Verde,CPV,2012,425.2,7397.8223,295.30936,63.726044
Cambodia,KHM,2012,694.1,4159.1636,206.9937,23.941105
Cameroon,CMR,2012,710.8,4382.1113,120.27526,51.58871
Canada,CAN,2012,319.9,54034.78,4431.1704,81.15135
Central African Republic,CAF,2012,854.9,1577.9806,41.613365,39.03017
Chad,TCD,2012,662.7,2886.2747,65.09243,22.10619
Chile,CHL,2012,366.1,26676.81,1499.8015,87.0825
China,CHN,2012,572.4,12217.935,507.6174,53.10031
Colombia,COL,2012,395.6,15279.479,809.0226,76.942215
Comoros,COM,2012,611.3,3330.5244,138.58403,29.397951
Congo,COG,2012,744.9,9079.687,115.691505,62.718716
Costa Rica,CRI,2012,328.0,19970.686,1153.185,73.3895
Cote d'Ivoire,CIV,2012,687.9,4234.212,148.6132,48.124252
Croatia,HRV,2012,502.9,28259.164,1650.9509,55.304287
Cuba,CUB,2012,410.0,,1861.2366,76.777695
Cyprus,CYP,2012,336.6,39190.223,2091.3562,67.301025
Czechia,CZE,2012,469.6,39347.05,2222.7625,73.22492
Democratic Republic of the Congo,COD,2012,698.9,1182.1407,20.868956,40.17704
Denmark,DNK,2012,391.8,60161.7,4713.97,87.23362
Djibouti,DJI,2012,590.3,,118.53132,70.72663
Dominican Republic,DOM,2012,446.3,15487.277,595.77625,74.23987
Ecuador,ECU,2012,428.4,12961.026,704.67883,62.840874
Egypt,EGY,2012,851.3,13076.806,487.1554,42.81185
El Salvador,SLV,2012,415.1,9162.5625,577.33704,67.22327
Equatorial Guinea,GNQ,2012,556.0,35711.492,487.06448,59.010693
Eritrea,ERI,2012,818.3,,67.95347,35.682426
Estonia,EST,2012,512.5,33765.43,1581.4626,67.96296
Eswatini,SWZ,2012,929.9,8645.845,624.62146,22.623772
Ethiopia,ETH,2012,493.9,1576.7688,53.52065,18.206137
Fiji,FJI,2012,996.5,10140.693,295.6137,53.038322
Finland,FIN,2012,375.0,53957.668,3918.011,70.366135
France,FRA,2012,314.5,49935.625,4295.8574,77.16695
Gabon,GAB,2012,647.4,19450.402,353.9397,86.883865
Gambia,GMB,2012,640.5,2574.935,88.1406,57.320732
Georgia,GEO,2012,740.4,13193.96,776.94934,56.168354
Germany,DEU,2012,369.0,58110.375,4691.18,80.39345
Ghana,GHA,2012,657.2,5339.7134,196.59091,51.919792
Greece,GRC,2012,380.9,31250.227,2214.8057,76.86798
Grenada,GRD,2012,659.3,13161.3955,615.81445,35.865276
Guatemala,GTM,2012,476.9,10126.833,443.56342,52.352337
Guinea,GIN,2012,676.4,2762.9036,60.659794,34.331394
Guinea-Bissau,GNB,2012,704.1,2180.7434,83.2888,40.868603
Guyana,GUY,2012,753.9,11534.999,394.06232,26.4
Haiti,HTI,2012,895.4,3266.4382,157.48933,47.431484
Honduras,HND,2012,673.6,5600.608,347.67755,52.664154
Hungary,HUN,2012,604.7,28179.656,1722.2578,69.57723
Iceland,ISL,2012,318.1,58203.637,3456.0073,93.51489
India,IND,2012,561.2,5303.502,160.46288,31.589893
Indonesia,IDN,2012,687.2,9708.612,277.73846,51.159393
Iran (Islamic Republic of),IRN,2012,431.8,15159.295,999.48615,71.76337
Iraq,IRQ,2012,585.4,13357.015,387.94162,69.22222
Ireland,IRL,2012,369.6,59303.03,4905.3438,62.252934
Israel,ISR,2012,319.5,39245.508,2344.7156,91.72765
Italy,ITA,2012,326.1,47795.957,3196.7063,68.76088
Jamaica,JAM,2012,577.7,9829.035,517.98645,54.247883
Japan,JPN,2012,246.4,42394.94,4003.8047,91.02653
Jordan,JOR,2012,470.3,12104.122,761.374,84.95927
Kazakhstan,KAZ,2012,806.9,28881.242,648.97797,54.69208
Kenya,KEN,2012,504.2,4387.938,142.8777,31.855812
Kiribati,KIR,2012,1071.0,2242.301,150.81636,49.58008
Kuwait,KWT,2012,314.4,64908.26,1915.2874,100.0
Kyrgyzstan,KGZ,2012,796.5,4993.3945,303.00174,35.218918
Lao People's Democratic Republic,LAO,2012,724.0,5608.9697,99.27043,31.742281
Latvia,LVA,2012,611.2,27496.545,1146.0061,67.83316
Lebanon,LBN,2012,418.0,17323.3,1129.1652,88.01951
Lesotho,LSO,2012,885.8,2894.227,235.83672,29.897034
Liberia,LBR,2012,632.3,1668.9729,116.38925,49.177326
Libya,LBY,2012,537.9,20601.002,1061.2703,88.07279
Lithuania,LTU,2012,583.1,30932.098,1542.1932,66.853676
Luxembourg,LUX,2012,324.8,128897.41,5175.365,89.440575
Madagascar,MDG,2012,702.9,1617.7908,57.24296,28.398804
Malawi,MWI,2012,632.4,1518.1481,85.29965,15.625314
Malaysia,MYS,2012,515.7,25006.36,793.93,71.96801
Maldives,MDV,2012,563.7,17390.148,1218.8661,37.475964
Mali,MLI,2012,664.0,2520.5293,62.797474,24.160618
Malta,MLT,2012,350.8,38937.15,2548.9133,94.362625
Mauritania,MRT,2012,509.8,5716.252,95.41154,48.273243
Mauritius,MUS,2012,597.3,20313.033,709.1377,40.036953
Mexico,MEX,2012,458.9,20898.936,976.1128,76.65852
Micronesia (Federated States of),FSM,2012,997.1,3847.1475,355.39847,22.294256
Mongolia,MNG,2012,884.2,12078.919,397.85254,67.95228
Montenegro,MNE,2012,574.8,19576.412,1126.4221,64.5244
Morocco,MAR,2012,617.7,7628.644,397.33154,59.434856
Mozambique,MOZ,2012,730.4,1338.516,55.30401,31.431524
Myanmar,MMR,2012,699.1,4340.9995,89.23037,29.39563
Namibia,NAM,2012,605.7,11266.609,955.44507,43.38041
Nepal,NPL,2012,524.1,3316.5007,110.73538,63.65584
Netherlands (Kingdom of the),NLD,2012,353.3,61480.84,4989.33,88.53425
New Zealand,NZL,2012,336.2,42693.42,3039.402,85.7777
Nicaragua,NIC,2012,407.4,6275.787,337.57162,57.231686
Niger,NER,2012,569.8,1411.52,49.932617,16.214128
Nigeria,NGA,2012,503.2,8265.905,159.70528,53.302116
North Macedonia,MKD,2012,674.8,17189.996,801.3072,58.39242
Norway,NOR,2012,339.9,85925.875,5774.392,79.49059
Oman,OMN,2012,627.8,41964.082,1138.284,76.08816
Pakistan,PAK,2012,714.0,4292.021,89.90946,35.216022
Panama,PAN,2012,373.3,26926.896,1275.9742,65.28294
Papua New Guinea,PNG,2012,709.9,3577.9102,80.69829,13.0143795
Paraguay,PRY,2012,456.0,12833.18,715.4758,59.92129
Peru,PER,2012,268.0,13393.593,510.37726,78.6488
Philippines,PHL,2012,639.6,6697.556,254.56319,47.918278
Poland,POL,2012,503.7,28952.916,1477.8928,60.634163
Portugal,PRT,2012,359.7,34804.633,2541.6467,61.14098
Qatar,QAT,2012,621.2,147077.4,2856.906,98.7428
Republic of Korea,KOR,2012,308.1,41537.67,2114.108,81.90879
Republic of Moldova,MDA,2012,784.4,10158.386,538.92834,39.36142
Romania,ROU,2012,612.1,26767.455,891.50665,53.95631
Russian Federation,RUS,2012,721.5,35740.7,1190.6538,73.97266
Rwanda,RWA,2012,620.3,2063.6648,117.840675,16.941025
Saint Lucia,LCA,2012,434.1,21309.225,662.0799,18.619308
Saint Vincent and the Grenadines,VCT,2012,547.3,13397.963,489.0152,46.306313
Samoa,WSM,2012,772.5,6312.7695,266.30954,19.478718
Sao Tome and Principe,STP,2012,601.9,4919.5527,201.81787,67.03359
Saudi Arabia,SAU,2012,438.6,59471.7,2474.1863,82.43119
Senegal,SEN,2012,617.6,3405.1086,117.947716,44.535976
Serbia,SRB,2012,654.1,17993.814,1296.6119,59.346844
Seychelles,SYC,2012,590.3,24919.955,1015.9962,42.726177
Sierra Leone,SLE,2012,674.8,2792.9263,128.50502,39.46441
Singapore,SGP,2012,268.5,102061.12,2739.0518,100.0
Slovakia,SVK,2012,539.3,30894.312,2035.4479,54.27645
Slovenia,SVN,2012,378.5,37040.707,2533.1604,49.761948
Solomon Islands,SLB,2012,966.4,2743.81,113.25491,21.390696
South Africa,ZAF,2012,655.4,14563.763,1039.5009,62.961655
Spain,ESP,2012,323.6,41034.047,2935.2107,78.845566
Sri Lanka,LKA,2012,517.5,11447.693,338.89822,18.261768
Sudan,SDN,2012,613.7,4145.9316,211.05672,33.142555
Suriname,SUR,2012,503.8,24193.842,696.6164,66.313255
Sweden,SWE,2012,335.1,56193.33,4916.6763,85.62507
Switzerland,CHE,2012,302.8,76570.234,6141.698,73.752266
Syrian Arab Republic,SYR,2012,694.3,7296.329,154.32283,65.08967
Tajikistan,TJK,2012,678.3,2700.0955,160.24884,26.410225
Thailand,THA,2012,374.8,17871.578,514.9358,45.373566
Timor-Leste,TLS,2012,573.0,4297.915,166.76248,29.613607
Togo,TGO,2012,740.5,2333.1929,76.40282,38.419437
Tonga,TON,2012,673.1,5908.024,365.9925,23.458906
Trinidad and Tobago,TTO,2012,488.5,36903.69,1403.5929,53.925404
Tunisia,TUN,2012,477.2,12436.3955,667.63513,67.20989
Turkmenistan,TKM,2012,679.8,10689.354,527.04785,46.9603
Türkiye,TUR,2012,499.6,22517.715,916.51733,73.77887
Uganda,UGA,2012,571.6,2405.0945,137.74379,21.37237
Ukraine,UKR,2012,727.9,17848.74,654.56104,68.824196
United Arab Emirates,ARE,2012,352.5,73644.055,2872.5542,83.76433
United Kingdom of Great Britain and Northern Ireland,GBR,2012,362.0,48099.66,3793.12,81.290565
United Republic of Tanzania,TZA,2012,459.3,2822.4854,101.511696,29.487877
United States of America,USA,2012,401.7,61142.363,8262.293,80.68375
Uruguay,URY,2012,460.0,26953.271,1615.1014,94.76066
Uzbekistan,UZB,2012,1042.0,6525.497,342.22192,51.335968
Vanuatu,VUT,2012,983.2,3815.419,111.559906,24.818356
Viet Nam,VNM,2012,587.9,7979.868,318.95355,31.122278
Yemen,YEM,2012,678.0,,156.13373,31.203184
Zambia,ZMB,2012,608.5,3474.5525,134.45493,40.769855
Zimbabwe,ZWE,2012,891.9,5003.509,156.08661,32.793175
"occupied Palestinian territory, including east Jerusalem",PSE,2012,690.4,6009.1094,483.71582,84.54652
Global Average,GLOBAL,2013,565.3243093922651,,,
Afghanistan,AFG,2013,944.3,3046.5798,184.22629,23.807714
Albania,ALB,2013,481.0,12873.43,661.3099,54.297966
Algeria,DZA,2013,550.4,14778.191,811.29285,68.94638
Angola,AGO,2013,660.4,11622.979,206.63011,62.13331
Antigua and Barbuda,ATG,2013,512.1,25206.846,1068.5511,25.247566
Argentina,ARG,2013,443.1,29227.66,1977.1377,91.30145
Armenia,ARM,2013,633.2,12194.019,1009.2948,64.358406
Australia,AUS,2013,297.7,54895.004,4160.105,86.57405
Austria,AUT,2013,358.8,60862.97,4961.156,67.298134
Azerbaijan,AZE,2013,706.1,20398.646,551.8316,54.18211
Bahamas,BHS,2013,541.4,32402.916,1708.9364,82.36358
Bahrain,BHR,2013,728.0,55376.402,2326.6423,100.0
Bangladesh,BGD,2013,473.2,4822.726,84.73832,28.840704
Barbados,BRB,2013,479.9,19730.348,1162.0457,59.238537
Belarus,BLR,2013,697.3,26147.625,1080.5421,75.94971
Belgium,BEL,2013,352.7,56263.176,4675.1895,85.74154
Belize,BLZ,2013,440.2,12064.797,420.71088,44.438053
Benin,BEN,2013,636.8,2893.0466,72.0545,44.650288
Bhutan,BTN,2013,497.8,11212.4795,279.46317,35.574
Bolivia (Plurinational State of),BOL,2013,541.3,10391.384,367.35117,67.66971
Bosnia and Herzegovina,BIH,2013,506.4,13135.718,1029.1301,46.695423
Botswana,BWA,2013,719.4,16369.426,885.2567,64.75797
Brazil,BRA,2013,488.4,19241.506,1254.1079,85.167656
Brunei Darussalam,BRN,2013,472.6,86606.65,1580.1176,75.17569
Bulgaria,BGR,2013,626.4,22954.396,1199.3743,72.96328
Burkina Faso,BFA,2013,690.5,2057.064,91.39928,25.106115
Burundi,BDI,2013,662.6,1011.43134,59.30876,12.967096
Cabo Verde,CPV,2013,424.1,7440.6626,307.2016,64.74862
Cambodia,KHM,2013,690.4,4419.399,194.88348,25.764473
Cameroon,CMR,2013,713.9,4473.5723,117.615105,51.94756
Canada,CAN,2013,318.1,54712.156,4595.2456,81.18344
Central African Republic,CAF,2013,865.2,996.89636,33.83593,39.304295
Chad,TCD,2013,655.6,2864.113,62.413937,22.297592
Chile,CHL,2013,355.7,27297.818,1659.6466,87.18278
China,CHN,2013,558.2,13080.879,563.05634,54.49
Colombia,COL,2013,388.9,15912.247,890.82947,77.0316
Comoros,COM,2013,604.9,3406.4993,144.54378,29.704348
Congo,COG,2013,729.2,8798.494,113.37947,62.868282
Costa Rica,CRI,2013,323.9,20242.293,1192.5437,73.94318
Cote d'Ivoire,CIV,2013,682.9,4597.22,136.0182,48.570232
Croatia,HRV,2013,481.8,28397.982,1426.6892,55.365948
Cuba,CUB,2013,412.0,,2182.5571,76.81641
Cyprus,CYP,2013,326.9,36650.57,2107.3794,67.210236
Czechia,CZE,2013,465.2,39317.555,2309.5388,73.16222
Democratic Republic of the Congo,COD,2013,696.6,1342.7416,25.410082,40.567528
Denmark,DNK,2013,383.7,60745.777,4826.147,87.543655
Djibouti,DJI,2013,596.9,4469.074,109.7766,70.796936
Dominican Republic,DOM,2013,462.1,16054.768,611.50214,74.225136
Ecuador,ECU,2013,413.7,13689.152,765.689,62.883728
Egypt,EGY,2013,799.0,13058.075,516.8777,42.751427
El Salvador,SLV,2013,439.7,9329.462,642.0478,68.08785
Equatorial Guinea,GNQ,2013,530.5,32894.37,490.15463,62.212006
Eritrea,ERI,2013,818.3,,81.160675,35.671333
Estonia,EST,2013,490.9,34481.016,1722.0983,68.09235
Eswatini,SWZ,2013,930.6,8951.058,632.2541,22.812164
Ethiopia,ETH,2013,475.1,1696.8651,51.055225,18.615515
Fiji,FJI,2013,989.8,10604.156,312.24728,53.55527
Finland,FIN,2013,364.6,53183.43,4068.4858,70.67421
France,FRA,2013,308.4,50066.53,4531.453,77.24407
Gabon,GAB,2013,649.8,19836.455,411.8688,87.14825
Gambia,GMB,2013,638.1,2572.4473,78.53945,57.970306
Georgia,GEO,2013,717.2,13913.002,843.6533,56.618214
Germany,DEU,2013,381.1,58182.08,4937.4155,80.47323
Ghana,GHA,2013,652.7,5593.775,239.4671,52.49858
Greece,GRC,2013,358.6,30762.443,2185.0913,77.0952
Grenada,GRD,2013,654.3,13386.319,630.11835,35.879223
Guatemala,GTM,2013,490.3,10297.839,444.43225,52.780983
Guinea,GIN,2013,671.2,2802.56,63.753296,34.581276
Guinea-Bissau,GNB,2013,698.7,2192.5928,99.66609,41.297638
Guyana,GUY,2013,753.7,11896.907,425.8545,26.400389
Haiti,HTI,2013,891.3,3356.8374,124.90187,48.104942
Honduras,HND,2013,673.1,5644.134,350.73038,53.35638
Hungary,HUN,2013,583.4,28891.021,1775.5132,69.927765
Iceland,ISL,2013,314.4,59729.543,3651.9968,93.61668
India,IND,2013,580.7,5567.4946,188.01013,31.90968
Indonesia,IDN,2013,681.8,10121.814,283.09036,51.83075
Iran (Islamic Republic of),IRN,2013,435.4,14734.74,892.2157,72.303085
Iraq,IRQ,2013,574.9,13712.932,411.9931,69.44445
Ireland,IRL,2013,365.3,60285.24,4915.062,62.404716
Israel,ISR,2013,310.0,40095.477,2514.0273,91.722786
Italy,ITA,2013,310.0,46833.363,3206.51,69.307396
Jamaica,JAM,2013,579.6,9839.965,542.3704,54.54882
Japan,JPN,2013,241.8,43304.117,4196.7485,91.15166
Jordan,JOR,2013,457.3,11804.122,703.45996,86.46271
Kazakhstan,KAZ,2013,755.9,30177.488,632.5411,55.077976
Kenya,KEN,2013,508.9,4443.371,153.17642,31.832445
Kiribati,KIR,2013,1068.0,2382.6755,178.49078,49.968704
Kuwait,KWT,2013,301.2,62458.81,1911.0607,100.0
Kyrgyzstan,KGZ,2013,748.4,5418.5405,326.4391,35.185055
Lao People's Democratic Republic,LAO,2013,722.5,5974.4736,125.31053,32.226402
Latvia,LVA,2013,594.4,28375.184,1217.7289,67.847336
Lebanon,LBN,2013,414.6,16396.496,1153.0972,88.216545
Lesotho,LSO,2013,933.6,2914.3752,289.84106,31.240746
Liberia,LBR,2013,610.2,1774.5206,118.27512,49.6978
Libya,LBY,2013,520.7,16557.5,1052.3608,88.04514
Lithuania,LTU,2013,578.2,32487.0,1627.6205,67.00921
Luxembourg,LUX,2013,316.7,129947.336,5346.197,89.941376
Madagascar,MDG,2013,701.6,1610.6023,55.275692,28.660463
Malawi,MWI,2013,623.7,1555.5061,123.972176,15.696617
Malaysia,MYS,2013,512.3,25736.354,825.147,72.48827
Maldives,MDV,2013,543.8,17986.89,1250.575,37.825706
Mali,MLI,2013,664.2,2528.53,68.64871,24.703363
Malta,MLT,2013,340.2,40921.316,2773.3796,94.390656
Mauritania,MRT,2013,504.6,5769.7285,115.84043,49.355396
Mauritius,MUS,2013,590.3,20952.377,821.2441,39.910885
Mexico,MEX,2013,453.3,20805.348,1013.415,76.79558
Micronesia (Federated States of),FSM,2013,989.4,3696.7456,342.82385,22.298632
Mongolia,MNG,2013,859.7,13210.095,434.07956,67.97768
Montenegro,MNE,2013,565.8,20201.291,1235.6797,64.6253
Morocco,MAR,2013,618.5,7839.032,401.27847,59.908348
Mozambique,MOZ,2013,753.6,1385.8325,67.33262,31.661915
Myanmar,MMR,2013,689.5,4666.9536,126.30941,29.510395
Namibia,NAM,2013,609.4,11593.575,978.5401,44.110676
Nepal,NPL,2013,532.1,3426.5579,123.06988,64.131454
Netherlands (Kingdom of the),NLD,2013,347.6,61281.312,5219.263,89.174995
New Zealand,NZL,2013,330.4,43453.28,3233.099,85.708015
Nicaragua,NIC,2013,406.7,6494.1494,359.82642,57.42743
Niger,NER,2013,573.7,1431.7112,50.72303,16.216259
Nigeria,NGA,2013,498.5,8581.208,170.13794,54.113087
North Macedonia,MKD,2013,631.8,17758.229,876.747,58.578693
Norway,NOR,2013,330.2,85973.766,6012.8843,79.9724
Oman,OMN,2013,612.2,40854.484,1177.8624,76.491425
Pakistan,PAK,2013,707.6,4407.147,100.86231,35.431534
Panama,PAN,2013,366.3,28135.338,1439.3718,65.37098
Papua New Guinea,PNG,2013,715.9,3615.7466,93.21169,13.058248
Paraguay,PRY,2013,460.0,13698.973,736.02277,60.23753
Peru,PER,2013,253.9,14050.242,537.1246,79.310555
Philippines,PHL,2013,639.5,7016.5386,272.3805,49.13137
Poland,POL,2013,493.9,29168.625,1575.0455,60.533318
Portugal,PRT,2013,350.6,34651.773,2615.6926,61.14053
Qatar,QAT,2013,561.0,138046.6,3312.1492,98.83576
Republic of Korea,KOR,2013,290.9,42709.977,2190.7786,81.826935
Republic of Moldova,MDA,2013,730.6,11080.063,580.86993,39.42755
Romania,ROU,2013,582.2,26941.932,1026.1318,53.910175
Russian Federation,RUS,2013,697.5,36260.066,1314.7749,74.076294
Rwanda,RWA,2013,617.2,2109.7466,102.44424,17.07422
Saint Lucia,LCA,2013,437.6,20827.29,710.44946,18.925837
Saint Vincent and the Grenadines,VCT,2013,551.3,13804.184,493.13562,46.431934
Samoa,WSM,2013,773.2,6263.126,335.01907,19.386595
Sao Tome and Principe,STP,2013,587.3,5072.112,267.4788,67.13067
Saudi Arabia,SAU,2013,431.8,57998.465,2655.6702,82.607185
Senegal,SEN,2013,620.5,3385.426,121.43087,45.039875
Serbia,SRB,2013,628.3,18163.205,1359.0089,59.611107
Seychelles,SYC,2013,585.4,24770.652,832.78864,42.81507
Sierra Leone,SLE,2013,653.5,3124.7283,205.28001,39.891644
Singapore,SGP,2013,260.4,105259.695,3067.2312,100.0
Slovakia,SVK,2013,522.8,31078.186,2101.0718,54.1384
Slovenia,SVN,2013,371.2,36685.75,2621.224,50.046658
Solomon Islands,SLB,2013,960.5,2783.9485,109.67529,22.102726
Somalia,SOM,2013,837.4,1197.7217,30.924177,41.259346
South Africa,ZAF,2013,645.2,14681.097,1083.3556,63.052402
Spain,ESP,2013,307.0,40594.914,2973.043,78.98581
Sri Lanka,LKA,2013,519.0,12249.723,400.57486,18.432314
Sudan,SDN,2013,615.5,4130.486,259.43933,33.42648
Suriname,SUR,2013,529.8,24624.021,777.05853,66.26836
Sweden,SWE,2013,326.4,56353.086,5088.492,85.92498
Switzerland,CHE,2013,299.7,77084.664,6530.6626,74.11214
Syrian Arab Republic,SYR,2013,701.7,5648.602,142.4287,73.06205
Tajikistan,TJK,2013,627.5,2828.3855,191.94969,26.488316
Thailand,THA,2013,364.4,18244.406,525.42706,45.832134
Timor-Leste,TLS,2013,577.9,4340.2783,218.9862,29.58369
Togo,TGO,2013,733.7,2416.378,82.10922,38.851677
Tonga,TON,2013,669.9,5952.457,189.05742,23.41708
Trinidad and Tobago,TTO,2013,508.9,37994.07,1446.7258,53.92558
Tunisia,TUN,2013,475.3,12587.995,695.139,67.499954
Turkmenistan,TKM,2013,686.2,11516.374,603.7988,46.978844
Türkiye,TUR,2013,499.5,24117.312,974.66534,78.521835
Uganda,UGA,2013,568.7,2420.8882,131.99646,22.736767
Ukraine,UKR,2013,711.0,17889.092,728.5453,68.93263
United Arab Emirates,ARE,2013,345.7,74237.2,2941.8354,83.95581
United Kingdom of Great Britain and Northern Ireland,GBR,2013,359.9,48600.51,3993.1616,81.457375
United Republic of Tanzania,TZA,2013,475.6,2924.8633,98.16693,30.072512
United States of America,USA,2013,402.0,61966.664,8412.252,80.66089
Uruguay,URY,2013,446.8,28119.473,1709.2378,94.884476
Uzbekistan,UZB,2013,984.6,6932.9336,366.7415,51.127697
Vanuatu,VUT,2013,970.4,3748.7651,124.39306,24.840736
Viet Nam,VNM,2013,586.4,8324.198,298.2032,31.53342
Yemen,YEM,2013,675.9,,156.9772,31.442719
Zambia,ZMB,2013,608.7,3535.2246,159.04755,41.16823
Zimbabwe,ZWE,2013,898.8,5031.7095,173.5869,32.901936
"occupied Palestinian territory, including east Jerusalem",PSE,2013,653.4,6142.202,497.82193,84.81785
Global Average,GLOBAL,2014,562.7635359116022,,,
Afghanistan,AFG,2014,928.5,3017.9426,213.15266,24.191017
Albania,ALB,2014,479.4,13366.504,720.823,54.732582
Algeria,DZA,2014,545.2,15073.763,883.8294,69.546875
Angola,AGO,2014,629.0,11718.429,194.49356,62.723114
Antigua and Barbuda,ATG,2014,513.6,25557.525,1153.5474,25.089973
Argentina,ARG,2014,431.9,28200.814,1909.3246,91.39754
Armenia,ARM,2014,639.6,12667.376,1021.9669,64.41429
Australia,AUS,2014,299.6,55489.07,4657.6445,86.72213
Austria,AUT,2014,346.6,60845.574,5105.9756,67.415436
Azerbaijan,AZE,2014,673.8,20709.201,623.7274,54.631916
Bahamas,BHS,2014,571.1,32712.635,1763.2538,82.31809
Bahrain,BHR,2014,640.6,55065.82,2303.5203,100.0
Bangladesh,BGD,2014,479.8,5068.6396,90.53943,29.194445
Barbados,BRB,2014,480.8,19840.83,1082.433,59.24103
Belarus,BLR,2014,671.1,26564.436,1023.12317,76.34052
Belgium,BEL,2014,333.2,57002.91,4806.9272,85.98483
Belize,BLZ,2014,445.3,12272.296,462.2829,44.185017
Benin,BEN,2014,632.7,2987.3823,71.86408,45.28805
Bhutan,BTN,2014,500.6,11744.519,285.28482,36.13266
Bolivia (Plurinational State of),BOL,2014,539.8,10790.848,415.5132,68.03742
Bosnia and Herzegovina,BIH,2014,508.6,13458.853,1076.8497,47.130783
Botswana,BWA,2014,693.6,17052.193,882.25745,65.09651
Brazil,BRA,2014,477.6,19183.172,1328.9307,85.433136
Brunei Darussalam,BRN,2014,474.5,83310.62,1554.9833,75.05727
Bulgaria,BGR,2014,646.0,23455.482,1373.7227,73.08449
Burkina Faso,BFA,2014,687.2,2083.1985,83.07041,25.381416
Burundi,BDI,2014,658.3,1019.1761,52.23229,13.783978
Cabo Verde,CPV,2014,425.3,7491.022,311.36594,65.80851
Cambodia,KHM,2014,689.2,4702.7305,181.50581,27.817955
Cameroon,CMR,2014,717.1,4588.4863,148.57706,52.299393
Canada,CAN,2014,317.8,55723.46,4678.034,81.21118
Central African Republic,CAF,2014,888.0,1001.85596,31.911705,39.622654
Chad,TCD,2014,648.6,2820.678,70.33286,22.529451
Chile,CHL,2014,351.0,27511.56,1768.5422,87.31337
China,CHN,2014,542.4,13968.519,602.5616,55.750256
Colombia,COL,2014,393.9,16480.363,954.8618,77.10584
Comoros,COM,2014,616.1,3403.4128,153.88683,30.03029
Congo,COG,2014,707.3,9159.257,113.08196,63.00754
Costa Rica,CRI,2014,326.5,20735.193,1274.354,74.486694
Cote d'Ivoire,CIV,2014,667.0,4907.611,152.13234,49.017315
Croatia,HRV,2014,474.5,28456.336,1484.7295,55.459183
Cuba,CUB,2014,421.2,,2614.601,76.844246
Cyprus,CYP,2014,327.9,36104.902,2072.9585,67.123055
Czechia,CZE,2014,438.9,40158.016,2471.6316,73.099594
Democratic Republic of the Congo,COD,2014,695.6,1392.7584,32.012814,40.956387
Denmark,DNK,2014,370.6,61210.95,4937.9683,87.682396
Djibouti,DJI,2014,615.9,4705.0493,117.73119,70.8899
Dominican Republic,DOM,2014,459.9,16993.588,647.57965,74.19315
Ecuador,ECU,2014,401.2,14064.799,800.8011,62.923244
Egypt,EGY,2014,818.3,13136.365,515.40533,42.682552
El Salvador,SLV,2014,468.6,9451.744,645.22626,68.916664
Equatorial Guinea,GNQ,2014,521.4,31765.9,507.82358,65.559326
Eritrea,ERI,2014,807.2,,84.606125,35.63972
Estonia,EST,2014,487.4,35720.3,1839.7273,68.26684
Eswatini,SWZ,2014,939.5,9084.494,626.55115,23.02685
Ethiopia,ETH,2014,468.3,1821.3916,59.885513,19.026287
Fiji,FJI,2014,984.3,11183.313,360.84482,54.083828
Finland,FIN,2014,359.7,52710.734,4084.226,70.987915
France,FRA,2014,297.3,50326.566,4667.2817,77.35243
Gabon,GAB,2014,686.5,20008.99,376.2163,87.623604
Gambia,GMB,2014,646.1,2465.1096,59.023216,58.61418
Georgia,GEO,2014,715.2,14475.313,957.35284,57.02376
Germany,DEU,2014,363.5,59203.234,5175.888,80.57574
Ghana,GHA,2014,646.1,5619.0723,221.59238,53.06634
Greece,GRC,2014,347.3,31213.377,2094.4792,77.31305
Grenada,GRD,2014,662.6,14287.954,583.73193,35.901463
Guatemala,GTM,2014,493.3,10553.564,485.0209,53.145847
Guinea,GIN,2014,669.5,2834.9663,89.68934,34.81779
Guinea-Bissau,GNB,2014,704.3,2156.3364,145.13898,41.7272
Guyana,GUY,2014,746.9,12030.053,439.9566,26.401815
Haiti,HTI,2014,884.5,3403.575,138.96448,48.772392
Honduras,HND,2014,676.1,5705.1626,352.9942,53.87681
Hungary,HUN,2014,575.9,30264.95,1813.3812,70.307106
Iceland,ISL,2014,317.1,60199.2,3811.8792,93.619675
India,IND,2014,597.6,5905.106,187.91307,32.228825
Indonesia,IDN,2014,676.9,10504.387,298.35083,52.500214
Iran (Islamic Republic of),IRN,2014,439.9,15262.852,1050.1227,72.832405
Iraq,IRQ,2014,562.8,13536.823,377.13458,69.666664
Ireland,IRL,2014,350.0,65463.195,4879.9917,62.5354
Israel,ISR,2014,302.6,40795.63,2546.2803,91.715195
Italy,ITA,2014,301.2,46825.652,3246.9058,69.580765
Jamaica,JAM,2014,666.3,9872.159,549.00916,54.86604
Japan,JPN,2014,237.4,43754.438,4236.895,91.2549
Jordan,JOR,2014,442.1,11086.69,659.2377,88.03718
Kazakhstan,KAZ,2014,723.1,30986.438,712.6783,55.552437
Kenya,KEN,2014,515.6,4558.552,165.04076,31.793154
Kiribati,KIR,2014,1059.0,2381.6536,186.47144,50.39093
Kuwait,KWT,2014,293.7,60065.656,1992.7562,100.0
Kyrgyzstan,KGZ,2014,756.0,5513.7544,311.4935,35.14555
Lao People's Democratic Republic,LAO,2014,725.7,6341.2124,133.27605,32.663822
Latvia,LVA,2014,578.6,29243.742,1296.1495,67.86861
Lebanon,LBN,2014,407.2,15205.873,1214.0177,88.41826
Lesotho,LSO,2014,1014.0,2930.6172,286.2437,32.64044
Liberia,LBR,2014,572.8,1750.1438,134.37305,50.219814
Libya,LBY,2014,548.1,12499.083,906.60834,88.014206
Lithuania,LTU,2014,556.8,33988.016,1736.3733,67.1515
Luxembourg,LUX,2014,306.1,130249.55,5573.945,90.45778
Madagascar,MDG,2014,705.7,1620.3579,66.88428,28.918589
Malawi,MWI,2014,630.2,1597.5648,100.474724,15.766154
Malaysia,MYS,2014,516.2,26818.432,914.6727,72.98022
Maldives,MDV,2014,523.1,18765.36,1329.4867,38.193886
Mali,MLI,2014,666.0,2609.1672,82.34629,25.265673
Malta,MLT,2014,332.2,43163.15,3166.8225,94.41251
Mauritania,MRT,2014,507.4,5837.852,134.0142,50.46948
Mauritius,MUS,2014,578.7,21721.31,1001.36993,39.788757
Mexico,MEX,2014,460.2,21069.766,1007.54663,76.97414
Micronesia (Federated States of),FSM,2014,967.2,3592.819,327.65042,22.304619
Mongolia,MNG,2014,822.9,13943.428,466.77673,67.99413
Montenegro,MNE,2014,554.1,20641.764,1211.219,64.72321
Morocco,MAR,2014,620.2,7951.7983,397.406,60.303047
Mozambique,MOZ,2014,780.5,1449.9293,72.74916,31.897224
Myanmar,MMR,2014,685.8,5006.507,181.75371,29.616434
Namibia,NAM,2014,628.0,11982.696,871.6098,44.821426
Nepal,NPL,2014,541.6,3621.7317,147.25009,64.56409
Netherlands (Kingdom of the),NLD,2014,335.0,62045.848,5213.5347,89.83648
New Zealand,NZL,2014,334.3,44369.766,3344.58,85.50767
Nicaragua,NIC,2014,404.2,6712.2173,404.26218,57.622265
Niger,NER,2014,576.8,1471.5055,51.552937,16.245043
Nigeria,NGA,2014,492.1,8884.774,175.86324,54.923244
North Macedonia,MKD,2014,649.6,18452.207,874.49365,58.803368
Norway,NOR,2014,319.5,86790.79,6191.5874,80.61172
Oman,OMN,2014,619.0,39639.99,1387.8634,76.88926
Pakistan,PAK,2014,707.7,4520.235,107.349945,35.659554
Panama,PAN,2014,365.9,28931.816,1695.9406,65.45312
Papua New Guinea,PNG,2014,737.1,3999.1304,114.47736,13.13164
Paraguay,PRY,2014,462.3,14217.558,835.4947,60.710197
Peru,PER,2014,249.7,14242.645,573.86865,79.994545
Philippines,PHL,2014,634.7,7340.362,247.69318,50.23924
Poland,POL,2014,469.8,30334.879,1626.7668,60.434006
Portugal,PRT,2014,337.7,35097.41,2674.3083,61.139454
Qatar,QAT,2014,514.9,128013.984,3487.3909,98.90163
Republic of Korea,KOR,2014,277.4,43806.926,2322.112,81.73157
Republic of Moldova,MDA,2014,738.0,11641.121,606.2566,39.62985
Romania,ROU,2014,589.7,28156.13,1035.3672,53.826717
Russian Federation,RUS,2014,704.4,35853.246,1345.7247,74.17765
Rwanda,RWA,2014,615.9,2176.095,117.17833,17.502071
Saint Lucia,LCA,2014,435.4,21010.697,674.6143,19.391544
Saint Vincent and the Grenadines,VCT,2014,554.5,14040.246,506.71594,46.557995
Samoa,WSM,2014,787.1,6248.7056,347.77432,19.312668
Sao Tome and Principe,STP,2014,590.4,5223.0957,248.06418,67.26067
Saudi Arabia,SAU,2014,444.1,58872.266,3068.852,82.78226
Senegal,SEN,2014,625.7,3484.0122,125.271255,45.60209
Serbia,SRB,2014,625.9,17922.436,1352.3495,59.877937
Seychelles,SYC,2014,582.5,25379.418,967.5586,42.938625
Sierra Leone,SLE,2014,636.5,2812.5283,354.8588,40.32724
Singapore,SGP,2014,253.3,107990.89,3280.5015,100.0
Slovakia,SVK,2014,506.2,31888.805,1999.3917,54.002914
Slovenia,SVN,2014,354.9,37662.258,2625.7021,50.98347
Solomon Islands,SLB,2014,958.1,2716.77,116.241425,22.861279
Somalia,SOM,2014,833.7,1259.2743,34.5342,42.351517
South Africa,ZAF,2014,651.0,14643.339,1051.5311,63.13523
Spain,ESP,2014,302.4,41339.41,3087.2158,79.119675
Sri Lanka,LKA,2014,510.1,12909.966,391.93967,18.615387
Sudan,SDN,2014,612.1,4207.5005,241.83896,33.76246
Suriname,SUR,2014,534.9,24414.355,803.53503,66.22493
Sweden,SWE,2014,319.8,57077.668,5213.896,86.256386
Switzerland,CHE,2014,288.9,78086.68,6768.533,74.740265
Syrian Arab Republic,SYR,2014,704.6,5414.375,155.69829,76.0
Tajikistan,TJK,2014,618.6,2943.0886,212.93042,26.563374
Thailand,THA,2014,363.3,18326.605,566.132,46.31388
Timor-Leste,TLS,2014,582.3,4445.3594,217.40726,29.546309
Togo,TGO,2014,729.0,2501.4326,88.43961,39.28395
Tonga,TON,2014,667.1,6097.6504,245.68504,23.343103
Trinidad and Tobago,TTO,2014,510.7,39248.656,1477.6727,53.92597
Tunisia,TUN,2014,471.3,12824.003,706.08795,67.752464
Turkmenistan,TKM,2014,707.4,12423.925,685.9316,46.995407
Türkiye,TUR,2014,506.9,24888.852,1031.172,83.602486
Uganda,UGA,2014,555.2,2470.504,124.31217,24.19385
Ukraine,UKR,2014,725.7,16978.812,717.7344,69.055435
United Arab Emirates,ARE,2014,344.3,74145.12,2947.818,84.14388
United Kingdom of Great Britain and Northern Ireland,GBR,2014,348.7,49763.176,4118.5996,81.635574
United Republic of Tanzania,TZA,2014,471.4,3027.569,86.56335,30.644308
United States of America,USA,2014,400.2,63026.88,8796.339,80.62422
Uruguay,URY,2014,435.7,28935.086,1784.9955,94.989784
Uzbekistan,UZB,2014,959.2,7344.443,292.87378,50.88687
Vanuatu,VUT,2014,954.0,3779.6494,105.974556,24.854963
Viet Nam,VNM,2014,585.5,8751.883,342.28113,31.948027
Yemen,YEM,2014,669.4,,181.91896,31.862616
Zambia,ZMB,2014,608.1,3585.5774,131.77628,41.563473
Zimbabwe,ZWE,2014,897.1,5081.1343,203.30057,33.162807
"occupied Palestinian territory, including east Jerusalem",PSE,2014,637.0,5990.427,504.55124,85.043335
Global Average,GLOBAL,2015,561.6574585635359,,,
Afghanistan,AFG,2015,917.5,2967.6921,231.53366,24.464912
Albania,ALB,2015,510.1,13876.762,749.18506,55.15793
Algeria,DZA,2015,541.2,15239.518,874.6069,70.14331
Angola,AGO,2015,637.4,11389.761,185.52545,63.51568
Antigua and Barbuda,ATG,2015,523.3,25734.152,1030.2518,25.0
Argentina,ARG,2015,436.3,28669.207,2044.3674,91.4923
Armenia,ARM,2015,628.0,13112.76,1015.3519,64.492966
Australia,AUS,2015,301.1,55879.996,4760.5435,86.87786
Austria,AUT,2015,355.0,60951.605,5247.5186,67.55762
Azerbaijan,AZE,2015,617.1,20678.754,647.5189,55.157047
Bahamas,BHS,2015,553.9,32777.586,1661.915,82.25686
Bahrain,BHR,2015,631.1,54149.914,2283.3982,100.0
Bangladesh,BGD,2015,473.2,5352.7114,95.70943,29.53951
Barbados,BRB,2015,475.1,19642.232,1084.6012,59.24507
Belarus,BLR,2015,652.5,25513.213,1096.8125,76.62639
Belgium,BEL,2015,340.9,57509.023,5032.23,86.22129
Belize,BLZ,2015,442.5,12348.795,444.4588,43.931183
Benin,BEN,2015,635.2,2952.0022,74.35086,45.94074
Bhutan,BTN,2015,500.7,12400.298,334.92383,36.698338
Bolivia (Plurinational State of),BOL,2015,538.9,11144.642,468.5046,68.395805
Bosnia and Herzegovina,BIH,2015,519.0,14220.09,1120.6083,47.571163
Botswana,BWA,2015,652.9,15994.964,863.1733,65.41036
Brazil,BRA,2015,478.1,18357.068,1320.4865,85.69357
Brunei Darussalam,BRN,2015,475.3,81910.19,1496.8928,74.94846
Bulgaria,BGR,2015,645.9,24562.648,1388.4508,73.10306
Burkina Faso,BFA,2015,686.6,2101.7026,86.81056,25.621433
Burundi,BDI,2015,648.5,992.2858,50.16798,14.669509
Cabo Verde,CPV,2015,432.4,7560.1367,298.08395,66.90451
Cambodia,KHM,2015,688.2,4968.5728,201.2425,30.066923
Cameroon,CMR,2015,707.2,4698.667,144.31366,52.644085
Canada,CAN,2015,315.6,55660.844,4773.748,81.24657
Central African Republic,CAF,2015,885.8,1043.9218,38.707584,39.98244
Chad,TCD,2015,643.1,2822.5793,80.89576,22.801126
Chile,CHL,2015,348.2,27817.959,1875.546,87.46533
China,CHN,2015,528.6,14857.108,647.3626,57.329784
Colombia,COL,2015,397.9,16821.38,999.68,77.16363
Comoros,COM,2015,612.0,3370.5557,135.70232,30.373201
Congo,COG,2015,681.6,8977.707,110.7634,63.135593
Costa Rica,CRI,2015,316.2,21265.318,1343.1595,75.01982
Cote d'Ivoire,CIV,2015,655.8,5110.9004,141.79216,49.46949
Croatia,HRV,2015,495.0,29466.451,1569.1814,55.58126
Cuba,CUB,2015,426.4,,2911.4827,76.870285
Cyprus,CYP,2015,332.4,37258.5,2136.1167,67.040245
Czechia,CZE,2015,448.0,42066.574,2489.0684,73.03704
Democratic Republic of the Congo,COD,2015,692.8,1433.2158,34.101242,41.34358
Denmark,DNK,2015,369.0,62059.13,5074.4746,87.7254
Djibouti,DJI,2015,612.7,4961.868,142.73933,71.00688
Dominican Republic,DOM,2015,462.1,17973.188,701.02515,74.13723
Ecuador,ECU,2015,400.2,13881.57,844.97235,62.95919
Egypt,EGY,2015,873.5,13425.912,581.8645,42.605633
El Salvador,SLV,2015,489.8,9646.154,694.85596,69.69821
Equatorial Guinea,GNQ,2015,536.0,27797.795,478.57883,68.95127
Eritrea,ERI,2015,806.1,,77.799065,35.591007
Estonia,EST,2015,472.4,36353.06,1938.9862,68.47966
Eswatini,SWZ,2015,959.3,9186.653,615.7786,23.266026
Ethiopia,ETH,2015,478.5,1957.4146,62.417717,19.451567
Fiji,FJI,2015,975.0,11674.063,390.10614,54.62342
Finland,FIN,2015,350.2,52782.49,4099.968,71.3055
France,FRA,2015,297.4,50682.895,4711.868,77.76109
Gabon,GAB,2015,686.0,20147.71,380.18396,88.08531
Gambia,GMB,2015,645.2,2495.9575,63.21495,59.24585
Georgia,GEO,2015,705.4,14936.844,1043.9668,57.38038
Germany,DEU,2015,374.8,59668.99,5336.0728,80.69743
Ghana,GHA,2015,643.4,5607.366,235.84276,53.622643
Greece,GRC,2015,357.4,31347.977,2192.7776,77.51944
Grenada,GRD,2015,660.5,15136.696,614.0597,35.93195
Guatemala,GTM,2015,500.6,10785.958,536.5782,53.441105
Guinea,GIN,2015,669.0,2869.8516,112.098885,35.03732
Guinea-Bissau,GNB,2015,710.7,2230.53,140.68385,42.156815
Guyana,GUY,2015,737.2,12040.083,458.9227,26.404392
Haiti,HTI,2015,883.6,3402.0283,153.39622,49.43347
Honduras,HND,2015,682.6,5812.5347,362.63406,54.382847
Hungary,HUN,2015,589.1,31485.568,1842.3778,70.48477
Iceland,ISL,2015,313.5,61820.363,4000.0696,93.72792
India,IND,2015,587.0,6301.6733,195.06578,32.5473
Indonesia,IDN,2015,674.0,10893.662,293.2338,53.172077
Iran (Islamic Republic of),IRN,2015,444.7,14841.905,1147.5208,73.35614
Iraq,IRQ,2015,555.3,13516.027,313.4084,69.920525
Ireland,IRL,2015,349.8,80815.64,5094.9385,62.639214
Israel,ISR,2015,307.4,40889.598,2620.6455,91.70429
Italy,ITA,2015,313.5,47311.824,3304.2861,69.61
Jamaica,JAM,2015,675.7,9931.898,594.37537,55.199524
Japan,JPN,2015,233.3,44589.305,4392.6763,91.353264
Jordan,JOR,2015,418.1,10469.631,669.0352,89.88814
Kazakhstan,KAZ,2015,701.4,30893.76,683.63965,56.110603
Kenya,KEN,2015,525.9,4679.622,175.25003,31.733803
Kiribati,KIR,2015,1054.0,2616.1763,166.73706,50.954197
Kuwait,KWT,2015,305.0,57763.516,1908.0515,100.0
Kyrgyzstan,KGZ,2015,730.1,5600.2144,298.8251,35.100895
Lao People's Democratic Republic,LAO,2015,721.3,6703.741,149.33113,33.12402
Latvia,LVA,2015,571.4,30599.613,1405.7756,67.89654
Lebanon,LBN,2015,398.9,14980.0205,1264.1102,88.62469
Lesotho,LSO,2015,1048.0,2986.9587,283.1114,34.09039
Liberia,LBR,2015,588.7,1714.0905,170.11835,50.74344
Libya,LBY,2015,551.7,12195.349,1039.5306,87.81591
Lithuania,LTU,2015,572.9,35264.715,1858.083,67.22825
Luxembourg,LUX,2015,301.9,130097.336,5546.6826,90.989365
Madagascar,MDG,2015,696.8,1627.5806,74.9242,29.173107
Malawi,MWI,2015,646.8,1597.6914,90.93724,15.833851
Malaysia,MYS,2015,533.9,27699.627,937.4023,73.43879
Maldives,MDV,2015,503.1,18829.447,1552.1055,38.577152
Mali,MLI,2015,670.3,2686.5605,80.569336,25.847015
Malta,MLT,2015,325.2,46171.89,3380.9626,94.43877
Mauritania,MRT,2015,508.2,5969.5425,146.12335,51.668034
Mauritius,MUS,2015,575.7,22499.025,1085.4474,39.67096
Mexico,MEX,2015,463.3,21408.928,1054.3677,77.190384
Micronesia (Federated States of),FSM,2015,977.1,3739.3596,367.42014,22.312233
Mongolia,MNG,2015,819.2,13974.597,450.03214,68.0
Montenegro,MNE,2015,542.9,21131.842,1460.0762,64.81817
Morocco,MAR,2015,622.1,8198.809,403.68646,60.641712
Mozambique,MOZ,2015,778.2,1512.5997,87.108765,32.137283
Myanmar,MMR,2015,685.4,5313.886,231.92606,29.716682
Namibia,NAM,2015,640.6,12166.565,1044.61,45.510357
Nepal,NPL,2015,546.5,3745.2617,161.65088,64.95101
Netherlands (Kingdom of the),NLD,2015,342.6,63081.41,5205.1987,90.27877
New Zealand,NZL,2015,331.5,45097.016,3337.0369,85.15188
Nicaragua,NIC,2015,378.9,6939.032,433.8967,57.814987
Niger,NER,2015,582.9,1480.3982,62.678722,16.30356
Nigeria,NGA,2015,489.2,8892.058,185.88365,55.732567
North Macedonia,MKD,2015,648.4,19215.074,921.0475,59.070038
Norway,NOR,2015,314.2,87688.12,6144.907,81.23782
Oman,OMN,2015,631.6,39813.79,1470.5321,77.302536
Pakistan,PAK,2015,704.9,4645.286,111.77954,35.901733
Panama,PAN,2015,363.3,29933.168,1899.9714,65.528725
Papua New Guinea,PNG,2015,733.4,4155.0557,66.74537,13.234136
Paraguay,PRY,2015,468.8,14425.777,848.4392,61.330276
Peru,PER,2015,252.3,14540.831,578.20306,80.69828
Philippines,PHL,2015,667.5,7691.763,268.7575,51.154903
Poland,POL,2015,482.6,31700.37,1717.3593,60.33629
Portugal,PRT,2015,338.8,35803.36,2754.2363,61.13747
Qatar,QAT,2015,456.9,123070.89,3601.2363,98.93824
Republic of Korea,KOR,2015,268.9,44849.105,2573.4229,81.63949
Republic of Moldova,MDA,2015,739.5,11691.08,623.6549,39.695404
Romania,ROU,2015,591.1,29181.879,1066.2156,53.707184
Russian Federation,RUS,2015,683.9,35037.152,1285.2113,74.27592
Rwanda,RWA,2015,613.1,2313.0972,118.42432,18.195314
Saint Lucia,LCA,2015,439.8,20939.88,657.23694,20.02043
Saint Vincent and the Grenadines,VCT,2015,533.9,14508.861,509.35236,46.684563
Samoa,WSM,2015,794.5,6433.184,341.68405,19.23401
Sao Tome and Principe,STP,2015,592.0,5210.2036,206.12692,67.39157
Saudi Arabia,SAU,2015,457.8,58498.54,3036.1897,82.956276
Senegal,SEN,2015,615.9,3593.7947,131.08649,46.27477
Serbia,SRB,2015,628.6,18247.809,1312.5112,60.13881
Seychelles,SYC,2015,582.5,27032.209,940.5098,43.094803
Sierra Leone,SLE,2015,633.5,2628.1707,315.22684,40.766956
Singapore,SGP,2015,246.8,109894.04,3650.0352,100.0
Slovakia,SVK,2015,516.0,33507.793,2033.7666,53.870064
Slovenia,SVN,2015,363.0,38534.645,2689.4204,53.661217
Solomon Islands,SLB,2015,953.7,2665.0662,104.81958,23.66305
Somalia,SOM,2015,829.8,1343.9252,42.495403,43.861813
South Africa,ZAF,2015,654.6,14541.675,1078.9084,63.209637
Spain,ESP,2015,311.1,43053.76,3233.0425,79.24549
Sri Lanka,LKA,2015,501.5,13329.779,434.5347,18.796257
Sudan,SDN,2015,609.1,4159.1943,242.30711,34.09144
Suriname,SUR,2015,537.3,23327.525,960.8836,66.182884
Sweden,SWE,2015,321.9,58955.64,5360.9106,86.61587
Switzerland,CHE,2015,294.7,78325.75,7166.5864,75.6045
Syrian Arab Republic,SYR,2015,699.7,5414.839,136.46841,75.75291
Tajikistan,TJK,2015,604.1,3041.4448,195.14166,26.478832
Thailand,THA,2015,360.3,18814.041,608.3211,46.952103
Timor-Leste,TLS,2015,557.5,4467.8003,238.97531,29.504332
Togo,TGO,2015,730.2,2588.2727,117.43011,39.716255
Tonga,TON,2015,663.7,6195.433,231.88191,23.243443
Trinidad and Tobago,TTO,2015,512.2,38963.965,1592.0923,53.926666
Tunisia,TUN,2015,470.0,12802.792,669.961,67.88079
Turkmenistan,TKM,2015,711.9,12926.664,800.7709,47.010017
Türkiye,TUR,2015,513.5,25984.803,1040.8461,87.21671
Uganda,UGA,2015,544.4,2520.02,116.62207,24.977785
Ukraine,UKR,2015,676.2,15403.71,733.0954,69.15873
United Arab Emirates,ARE,2015,344.3,75238.555,2437.3496,84.32844
United Kingdom of Great Britain and Northern Ireland,GBR,2015,357.7,50462.832,4225.9165,81.82438
United Republic of Tanzania,TZA,2015,480.0,3111.4446,82.08023,31.206156
United States of America,USA,2015,405.7,64367.72,9200.932,80.5708
Uruguay,URY,2015,441.7,28941.62,1844.4529,95.08
Uzbekistan,UZB,2015,908.5,7792.236,322.02545,50.659733
Vanuatu,VUT,2015,953.0,3825.8123,124.431725,24.862694
Viet Nam,VNM,2015,586.4,9248.024,361.4396,32.381096
Yemen,YEM,2015,666.1,,142.58134,32.388317
Zambia,ZMB,2015,606.9,3576.9255,147.84148,41.95551
Zimbabwe,ZWE,2015,904.4,5102.7363,191.68187,33.561264
"occupied Palestinian territory, including east Jerusalem",PSE,2015,628.3,6072.6504,505.93225,85.218216
Global Average,GLOBAL,2016,556.5027624309392,,,
Afghanistan,AFG,2016,916.8,2958.7854,261.56686,24.658834
Albania,ALB,2016,527.9,14643.429,806.7209,55.57387
Algeria,DZA,2016,530.7,15511.686,806.3794,70.735374
Angola,AGO,2016,631.8,10963.997,185.68082,64.29923
Antigua and Barbuda,ATG,2016,528.1,26627.715,1053.2042,24.92398
Argentina,ARG,2016,447.9,27802.105,2021.344,91.58568
Armenia,ARM,2016,626.0,13192.994,1078.4407,64.59287
Australia,AUS,2016,292.1,56529.953,5026.326,87.01663
Austria,AUT,2016,340.8,61572.625,5533.682,67.72181
Azerbaijan,AZE,2016,608.5,19822.41,635.62646,55.75748
Bahamas,BHS,2016,562.6,32172.336,1804.8953,82.17844
Bahrain,BHR,2016,647.6,54107.074,2183.9722,100.0
Bangladesh,BGD,2016,474.6,5682.5356,109.41296,29.875391
Barbados,BRB,2016,480.2,19877.111,1115.962,59.251026
Belarus,BLR,2016,647.0,24846.83,1050.7023,76.84587
Belgium,BEL,2016,330.0,57901.496,5285.853,86.45078
Belize,BLZ,2016,438.6,12063.06,448.60785,43.67655
Benin,BEN,2016,627.4,2962.6638,102.89347,46.609455
Bhutan,BTN,2016,497.8,13320.976,348.42685,37.274525
Bolivia (Plurinational State of),BOL,2016,535.2,11448.021,515.7728,68.74464
Bosnia and Herzegovina,BIH,2016,512.3,14873.641,1169.5203,48.024883
Botswana,BWA,2016,636.6,16905.588,936.0982,65.69493
Brazil,BRA,2016,480.6,17620.928,1312.0133,85.94871
Brunei Darussalam,BRN,2016,489.1,78880.625,1444.3821,74.88161
Bulgaria,BGR,2016,629.6,25636.744,1537.6389,73.175
Burkina Faso,BFA,2016,687.0,2162.7258,112.01352,25.82151
Burundi,BDI,2016,648.7,1006.5591,54.51376,15.618091
Cabo Verde,CPV,2016,444.4,7881.303,320.5909,68.03541
Cambodia,KHM,2016,687.5,5283.7295,213.21608,32.47674
Cameroon,CMR,2016,694.8,4767.132,145.89738,52.981503
Canada,CAN,2016,316.9,55606.133,5103.6465,81.3023
Central African Republic,CAF,2016,890.0,1073.9448,44.968353,40.38087
Chad,TCD,2016,633.3,2622.598,78.62184,23.111973
Chile,CHL,2016,340.5,27965.348,1990.2151,87.63063
China,CHN,2016,521.7,15772.837,682.87726,58.839924
Colombia,COL,2016,389.1,17003.244,1056.3853,77.20363
Comoros,COM,2016,607.9,3411.7712,146.04863,30.730501
Congo,COG,2016,658.8,8001.8257,104.18554,63.251534
Costa Rica,CRI,2016,325.1,21936.467,1405.0387,75.54231
Cote d'Ivoire,CIV,2016,646.8,5320.8857,150.46342,49.929993
Croatia,HRV,2016,461.8,30820.805,1714.4257,55.72944
Cuba,CUB,2016,418.4,,2819.1082,76.91158
Cyprus,CYP,2016,333.6,39500.85,2353.1177,66.96256
Czechia,CZE,2016,425.8,43069.465,2671.878,72.97458
Democratic Republic of the Congo,COD,2016,692.8,1388.8016,39.90358,41.72905
Denmark,DNK,2016,364.6,63468.99,5328.205,87.7
Djibouti,DJI,2016,618.0,5226.5005,121.49847,71.14922
Dominican Republic,DOM,2016,460.2,18968.975,746.67255,74.050674
Ecuador,ECU,2016,400.9,13586.516,825.7027,62.991337
Egypt,EGY,2016,827.1,13727.32,572.1062,42.521072
El Salvador,SLV,2016,456.5,9863.761,736.85706,70.39902
Equatorial Guinea,GNQ,2016,548.3,24435.064,494.78497,69.25327
Eritrea,ERI,2016,796.4,,69.52123,35.52543
Estonia,EST,2016,467.8,37466.555,2098.4634,68.72404
Eswatini,SWZ,2016,975.1,9402.509,593.22144,23.527887
Ethiopia,ETH,2016,478.3,2084.8406,66.87803,19.876362
Fiji,FJI,2016,967.4,11951.92,393.058,55.173473
Finland,FIN,2016,351.5,53984.633,4213.8076,71.61584
France,FRA,2016,292.0,50984.074,4967.779,78.599915
Gabon,GAB,2016,673.0,19988.176,435.00644,88.544586
Gambia,GMB,2016,644.3,2478.4604,64.30983,59.865246
Georgia,GEO,2016,703.6,15442.956,1165.1821,57.698402
Germany,DEU,2016,365.0,60504.586,5669.818,80.834785
Ghana,GHA,2016,637.3,5666.078,169.89386,54.167053
Greece,GRC,2016,345.3,31468.62,2322.7263,77.712296
Grenada,GRD,2016,674.7,15640.827,620.3824,35.9706
Guatemala,GTM,2016,498.3,10872.594,558.53455,53.660923
Guinea,GIN,2016,662.0,3099.7888,121.71881,35.310028
Guinea-Bissau,GNB,2016,700.6,2293.3787,151.94861,42.58611
Guyana,GUY,2016,709.7,12420.473,462.77667,26.408089
Haiti,HTI,2016,870.7,3415.5823,155.507,50.087822
Honduras,HND,2016,635.8,5926.49,399.8242,54.88684
Hungary,HUN,2016,565.2,32378.967,1959.3809,70.47338
Iceland,ISL,2016,309.9,64759.227,4359.9478,93.782265
India,IND,2016,579.5,6741.149,203.26651,32.865078
Indonesia,IDN,2016,670.9,11319.663,310.08145,53.812557
Iran (Islamic Republic of),IRN,2016,446.1,15920.372,1137.1345,73.87961
Iraq,IRQ,2016,549.6,15016.092,419.04675,69.91238
Ireland,IRL,2016,339.7,80760.09,5399.1465,62.72294
Israel,ISR,2016,296.0,41914.582,2822.0762,91.68946
Italy,ITA,2016,293.6,47987.84,3527.4124,69.596924
Jamaica,JAM,2016,683.7,10179.254,619.4283,55.54926
Japan,JPN,2016,231.0,44926.62,4324.34,91.454124
Jordan,JOR,2016,405.4,10197.505,610.2969,90.56273
Kazakhstan,KAZ,2016,689.8,30758.322,787.932,56.747627
Kenya,KEN,2016,522.9,4770.3105,186.20909,31.650251
Kiribati,KIR,2016,1050.0,2762.2874,222.91103,51.771057
Kuwait,KWT,2016,278.3,56936.62,1980.5576,100.0
Kyrgyzstan,KGZ,2016,670.5,5715.0103,298.4472,35.051575
Lao People's Democratic Republic,LAO,2016,715.0,7063.2554,159.19417,33.826744
Latvia,LVA,2016,565.9,31668.516,1631.0736,67.93071
Lebanon,LBN,2016,384.7,15572.361,1500.8345,88.83589
Lesotho,LSO,2016,1047.0,3057.261,269.80164,35.507793
Liberia,LBR,2016,591.2,1653.3105,157.76262,51.26873
Libya,LBY,2016,562.5,11831.826,1046.7949,87.816
Lithuania,LTU,2016,557.7,36632.082,2033.2688,67.18942
Luxembourg,LUX,2016,297.2,133661.73,5806.3047,91.535706
Madagascar,MDG,2016,696.6,1648.9122,83.26786,29.423946
Malawi,MWI,2016,659.1,1593.5955,106.506744,15.899633
Malaysia,MYS,2016,525.6,28425.371,935.79065,73.858894
Maldives,MDV,2016,482.6,19345.18,1920.7589,38.95609
Mali,MLI,2016,664.9,2759.1106,80.03654,26.44686
Malta,MLT,2016,317.9,46967.348,3605.3262,94.48
Mauritania,MRT,2016,512.1,5866.2812,149.23738,52.918564
Mauritius,MUS,2016,569.8,23357.23,1175.0826,39.557888
Mexico,MEX,2016,466.6,21578.264,1082.6299,77.440506
Micronesia (Federated States of),FSM,2016,965.6,3774.032,395.03073,22.32149
Mongolia,MNG,2016,801.7,13898.1455,489.03687,67.97768
Montenegro,MNE,2016,531.8,21834.092,1566.1786,64.91017
Morocco,MAR,2016,623.4,8141.9404,405.59125,60.965767
Mozambique,MOZ,2016,802.6,1537.9086,99.50288,32.381924
Myanmar,MMR,2016,684.2,5580.9897,212.37262,29.812916
Namibia,NAM,2016,635.6,11846.788,950.8906,46.17517
Nepal,NPL,2016,545.7,3743.7446,161.41875,65.28952
Netherlands (Kingdom of the),NLD,2016,340.0,64267.746,5274.394,90.58032
New Zealand,NZL,2016,317.2,45746.137,3505.9937,84.69137
Nicaragua,NIC,2016,392.0,7158.7573,473.4588,58.004387
Niger,NER,2016,581.8,1488.0864,53.6339,16.389828
Nigeria,NGA,2016,486.8,8534.692,183.20149,56.54104
North Macedonia,MKD,2016,624.9,19825.773,1020.4859,59.38231
Norway,NOR,2016,308.3,88041.64,6267.085,81.68
Oman,OMN,2016,649.1,39860.99,1391.9581,77.75214
Pakistan,PAK,2016,701.1,4886.6123,119.022,36.159718
Panama,PAN,2016,365.6,30765.25,2156.9688,65.59715
Papua New Guinea,PNG,2016,732.1,4276.2964,88.85998,13.365365
Paraguay,PRY,2016,477.0,14824.791,889.7953,62.08276
Peru,PER,2016,263.1,14915.437,604.2654,81.419235
Philippines,PHL,2016,665.5,8131.825,291.97296,51.911476
Poland,POL,2016,465.5,32675.305,1856.8622,60.240227
Portugal,PRT,2016,339.8,36636.297,2957.0137,61.1343
Qatar,QAT,2016,441.9,120054.41,3042.2712,98.98553
Republic of Korea,KOR,2016,258.3,46088.242,2760.9539,81.55592
Republic of Moldova,MDA,2016,695.4,12377.366,620.85425,39.737324
Romania,ROU,2016,580.2,30189.148,1210.8331,53.55282
Russian Federation,RUS,2016,681.7,35005.445,1284.1473,74.370316
Rwanda,RWA,2016,608.9,2386.7483,111.39744,19.121395
Saint Lucia,LCA,2016,452.4,21566.307,690.47,20.816488
Saint Vincent and the Grenadines,VCT,2016,543.4,15197.748,552.7556,46.81166
Samoa,WSM,2016,801.0,6888.1875,346.3879,19.126463
Sao Tome and Principe,STP,2016,601.7,5388.5093,250.4819,67.52189
Saudi Arabia,SAU,2016,469.6,57308.45,3034.695,83.12913
Senegal,SEN,2016,614.5,3710.0554,131.98595,47.05536
Serbia,SRB,2016,605.7,18889.38,1338.0012,60.385387
Seychelles,SYC,2016,593.6,29905.135,1170.7449,43.281563
Sierra Leone,SLE,2016,646.1,2732.261,262.82574,41.229412
Singapore,SGP,2016,239.4,112719.945,3958.3237,100.0
Slovakia,SVK,2016,491.3,34116.45,2110.6892,53.739933
Slovenia,SVN,2016,349.7,39674.895,2878.2903,53.647274
Solomon Islands,SLB,2016,944.2,2715.5815,109.66459,24.504742
Somalia,SOM,2016,823.0,1384.1552,37.48673,45.942844
South Africa,ZAF,2016,640.9,14501.281,1092.3065,63.275097
Spain,ESP,2016,297.8,44274.668,3343.154,79.361595
Sri Lanka,LKA,2016,482.6,13845.614,458.01224,18.974768
Sudan,SDN,2016,607.7,4174.561,295.63782,34.188194
Suriname,SUR,2016,529.6,21950.412,867.482,66.14265
Sweden,SWE,2016,316.5,59460.29,5550.5234,87.0
Switzerland,CHE,2016,279.3,78956.07,7543.5513,76.67267
Syrian Arab Republic,SYR,2016,688.0,5128.9185,140.30663,75.15401
Tajikistan,TJK,2016,589.5,3169.9668,202.90523,26.371851
Thailand,THA,2016,364.7,19372.713,656.6817,47.880108
Timor-Leste,TLS,2016,565.6,4515.4224,235.33734,29.446291
Togo,TGO,2016,729.4,2648.901,127.29286,40.148586
Tonga,TON,2016,652.1,6639.9873,274.2158,23.127705
Trinidad and Tobago,TTO,2016,534.8,35914.99,1722.1638,53.927753
Tunisia,TUN,2016,466.1,12803.88,686.86084,68.06233
Turkmenistan,TKM,2016,702.3,13420.385,855.6658,47.0227
Türkiye,TUR,2016,514.9,26489.645,1110.5795,88.1021
Uganda,UGA,2016,540.9,2554.2278,111.6789,25.695356
Ukraine,UKR,2016,659.5,15856.8125,777.95306,69.21023
United Arab Emirates,ARE,2016,345.4,75671.04,2609.5679,84.5094
United Kingdom of Great Britain and Northern Ireland,GBR,2016,352.0,51168.293,4348.869,82.023
United Republic of Tanzania,TZA,2016,484.3,3214.2468,93.63903,31.75773
United States of America,USA,2016,405.9,65025.984,9535.601,80.497665
Uruguay,URY,2016,453.3,29332.557,1973.0833,95.15854
Uzbekistan,UZB,2016,872.6,8172.922,326.24783,50.65722
Vanuatu,VUT,2016,944.6,3877.0835,91.60903,24.865488
Viet Nam,VNM,2016,582.3,9743.188,407.8341,32.84762
Yemen,YEM,2016,669.1,,150.42462,32.951202
Zambia,ZMB,2016,612.4,3598.1716,148.08133,42.344246
Zimbabwe,ZWE,2016,911.4,5070.4243,188.83382,34.079945
"occupied Palestinian territory, including east Jerusalem",PSE,2016,601.5,6464.1333,514.5428,85.33774
Global Average,GLOBAL,2017,552.3313186813187,,,
Afghanistan,AFG,2017,919.2,2952.999,294.79645,24.835281
Albania,ALB,2017,552.7,15359.397,832.9559,55.980278
Algeria,DZA,2017,526.7,15427.664,802.65826,71.32279
Angola,AGO,2017,628.0,10565.168,195.20207,65.08505
Antigua and Barbuda,ATG,2017,538.4,27199.195,998.9222,24.850027
Argentina,ARG,2017,426.3,28334.904,2399.4438,91.677605
Armenia,ARM,2017,596.6,14243.875,1278.0039,64.712494
Australia,AUS,2017,287.1,56881.855,5095.8267,87.12809
Austria,AUT,2017,340.3,62535.812,5710.791,67.90512
Azerbaijan,AZE,2017,573.3,19659.004,576.52997,56.43319
Bahamas,BHS,2017,552.9,33050.035,2225.694,82.081406
Bahrain,BHR,2017,645.8,53859.773,2186.9775,100.0
Bangladesh,BGD,2017,495.8,6005.707,115.581154,30.20158
Barbados,BRB,2017,473.3,19966.32,1074.332,59.25927
Belarus,BLR,2017,634.9,25503.98,1056.4733,77.02082
Belgium,BEL,2017,324.7,58529.332,5509.576,86.67317
Belize,BLZ,2017,445.7,11572.301,421.67123,43.42111
Benin,BEN,2017,619.9,3041.7793,106.02466,47.294277
Bhutan,BTN,2017,502.3,13482.343,352.28445,37.864555
Bolivia (Plurinational State of),BOL,2017,531.8,11755.256,552.3335,69.0838
Bosnia and Herzegovina,BIH,2017,510.2,15554.659,1201.0538,48.49184
Botswana,BWA,2017,613.5,17352.896,1040.9352,65.94564
Brazil,BRA,2017,466.9,17724.48,1378.924,86.19829
Brunei Darussalam,BRN,2017,501.9,78966.87,1399.7972,74.84764
Bulgaria,BGR,2017,636.0,26691.758,1661.7177,73.39046
Burkina Faso,BFA,2017,679.0,2232.2878,124.94136,25.976992
Burundi,BDI,2017,647.8,1020.84985,52.92575,16.624128
Cabo Verde,CPV,2017,449.8,8234.56,355.57263,69.2
Cambodia,KHM,2017,686.8,5632.0312,215.60399,35.01279
Cameroon,CMR,2017,682.7,4797.9756,142.89638,53.311516
Canada,CAN,2017,316.9,56612.305,5240.5195,81.40189
Central African Republic,CAF,2017,880.9,1103.8661,58.909664,40.815144
Chad,TCD,2017,634.6,2496.2622,73.61468,23.46135
Chile,CHL,2017,334.6,27899.598,2208.5618,87.800026
China,CHN,2017,512.5,16758.047,735.9922,60.24027
Colombia,COL,2017,386.3,16986.033,1105.7717,77.22452
Comoros,COM,2017,600.5,3472.0786,176.34639,31.099655
Congo,COG,2017,648.0,7372.7705,105.10506,63.354454
Costa Rica,CRI,2017,326.8,22633.766,1444.226,76.053925
Cote d'Ivoire,CIV,2017,639.5,5556.155,152.2868,50.39773
Croatia,HRV,2017,466.6,32348.588,1831.4069,55.90099
Cuba,CUB,2017,438.5,,2747.5461,76.96033
Cyprus,CYP,2017,326.7,41417.99,2513.5276,66.89075
Czechia,CZE,2017,428.6,45177.523,2853.6094,72.912186
Democratic Republic of the Congo,COD,2017,697.0,1395.7196,41.700054,42.11276
Denmark,DNK,2017,355.5,64989.445,5589.876,88.0162
Djibouti,DJI,2017,626.6,5421.9565,115.97157,71.31826
Dominican Republic,DOM,2017,462.5,19501.875,748.91956,73.9268
Ecuador,ECU,2017,403.6,14179.153,887.43646,63.01946
Egypt,EGY,2017,797.1,14018.36,594.7972,42.4486
El Salvador,SLV,2017,469.6,10064.794,755.12286,71.08567
Equatorial Guinea,GNQ,2017,569.5,22250.44,527.4588,69.551605
Eritrea,ERI,2017,794.5,,70.16935,35.442715
Estonia,EST,2017,454.4,39529.785,2234.2908,68.993195
Eswatini,SWZ,2017,988.8,9660.552,591.2618,23.8052
Ethiopia,ETH,2017,477.5,2222.8281,69.23133,20.308485
Fiji,FJI,2017,964.9,12597.327,408.54813,55.740833
Finland,FIN,2017,342.9,55637.227,4341.4404,71.95631
France,FRA,2017,296.0,51895.566,5099.717,78.64678
Gabon,GAB,2017,660.5,19555.707,411.45578,89.00098
Gambia,GMB,2017,646.3,2533.1868,68.396385,60.471714
Georgia,GEO,2017,659.3,16237.624,1173.328,57.999683
Germany,DEU,2017,363.6,61965.434,5989.4834,80.98425
Ghana,GHA,2017,632.3,5993.631,138.98871,54.699142
Greece,GRC,2017,352.8,31995.41,2324.1301,77.889534
Grenada,GRD,2017,669.1,16291.489,700.40137,36.01733
Guatemala,GTM,2017,490.1,11005.459,586.5773,53.799473
Guinea,GIN,2017,656.5,3332.7659,105.20325,35.582733
Guinea-Bissau,GNB,2017,694.7,2342.561,145.73724,43.01558
Guyana,GUY,2017,683.3,12801.641,528.7989,26.412905
Haiti,HTI,2017,866.4,3453.9714,127.07418,50.735085
Honduras,HND,2017,639.4,6099.6074,393.8218,55.387733
Hungary,HUN,2017,577.2,33828.715,1999.0085,70.454254
Iceland,ISL,2017,306.6,65462.504,4629.747,93.7719
India,IND,2017,576.8,7116.0366,180.40742,33.182133
Indonesia,IDN,2017,666.0,11772.574,310.38748,54.4541
Iran (Islamic Republic of),IRN,2017,443.2,16167.968,1163.1243,74.401184
Iraq,IRQ,2017,547.1,14417.631,422.3677,69.89445
Ireland,IRL,2017,335.2,87731.79,5597.7017,62.90352
Israel,ISR,2017,292.7,42895.586,2949.8198,91.670105
Italy,ITA,2017,302.7,48849.22,3658.4932,69.51808
Jamaica,JAM,2017,672.6,10391.038,685.91895,55.915226
Japan,JPN,2017,233.6,45693.38,4413.1865,91.54984
Jordan,JOR,2017,390.6,10220.493,658.7355,90.87646
Kazakhstan,KAZ,2017,664.2,31524.441,731.7644,57.458645
Kenya,KEN,2017,539.2,4846.8623,166.50415,31.538364
Kiribati,KIR,2017,1040.0,2822.021,248.28918,52.97347
Kuwait,KWT,2017,278.0,52285.586,2166.912,100.0
Kyrgyzstan,KGZ,2017,665.7,5861.222,310.694,34.99808
Lao People's Democratic Republic,LAO,2017,709.4,7432.4595,180.34375,34.511536
Latvia,LVA,2017,566.4,33036.39,1703.6044,67.97069
Lebanon,LBN,2017,374.8,16128.584,1636.0051,89.051926
Lesotho,LSO,2017,1021.0,2924.681,282.68936,36.528366
Liberia,LBR,2017,588.6,1661.3029,161.61667,51.795757
Libya,LBY,2017,574.7,15428.116,843.04694,87.81667
Lithuania,LTU,2017,535.5,38789.246,2152.4377,67.101295
Luxembourg,LUX,2017,293.6,132169.83,5961.6025,92.096375
Madagascar,MDG,2017,691.8,1669.7277,74.285194,29.671034
Malawi,MWI,2017,678.9,1613.0593,104.68222,15.9634285
Malaysia,MYS,2017,529.0,29551.545,981.26636,74.23548
Maldives,MDV,2017,464.4,20036.717,1808.6548,39.327877
Mali,MLI,2017,657.0,2816.1943,80.38132,27.06467
Malta,MLT,2017,311.8,51628.27,3868.6914,94.56918
Mauritania,MRT,2017,518.2,6050.6216,183.04611,54.197044
Mauritius,MUS,2017,564.8,24258.988,1239.7817,39.449936
Mexico,MEX,2017,456.7,21777.523,1088.3182,77.720695
Micronesia (Federated States of),FSM,2017,963.4,3838.0454,381.28384,22.332401
Mongolia,MNG,2017,775.3,14401.537,488.4278,67.926056
Montenegro,MNE,2017,528.3,22513.781,1576.8445,64.999245
Morocco,MAR,2017,624.2,8450.009,410.73776,61.276104
Mozambique,MOZ,2017,814.5,1532.0073,100.1227,32.62744
Myanmar,MMR,2017,676.6,5877.8745,220.83173,29.905172
Namibia,NAM,2017,632.1,11408.726,861.58405,46.81358
Nepal,NPL,2017,547.6,4071.7043,170.20497,65.57689
Netherlands (Kingdom of the),NLD,2017,331.8,65665.99,5584.7544,91.12197
New Zealand,NZL,2017,334.1,46285.98,3641.17,84.170105
Nicaragua,NIC,2017,374.8,7391.1963,518.41846,58.18926
Niger,NER,2017,577.1,1515.483,67.36733,16.503698
Nigeria,NGA,2017,480.5,8396.784,187.26488,57.348633
North Macedonia,MKD,2017,614.1,20121.05,1080.9861,59.74377
Norway,NOR,2017,300.2,89664.91,6630.842,81.96998
Oman,OMN,2017,630.0,38691.11,1329.3605,78.314224
Pakistan,PAK,2017,695.7,5031.5605,133.4509,36.435154
Panama,PAN,2017,366.6,31979.824,2407.879,65.65777
Papua New Guinea,PNG,2017,715.3,4322.777,87.47578,13.524964
Paraguay,PRY,2017,466.9,15318.401,923.76605,62.95264
Peru,PER,2017,279.0,15067.489,621.6201,82.19317
Philippines,PHL,2017,638.4,8584.136,307.87567,52.601048
Poland,POL,2017,469.9,34354.598,1972.3679,60.14589
Portugal,PRT,2017,332.0,37943.113,3061.955,61.129673
Qatar,QAT,2017,432.0,115064.945,3002.038,99.03101
Republic of Korea,KOR,2017,247.5,47536.79,2926.7712,81.47103
Republic of Moldova,MDA,2017,659.1,13118.822,794.86926,39.973656
Romania,ROU,2017,579.0,32852.637,1394.106,53.364864
Russian Federation,RUS,2017,649.1,35570.703,1395.6027,74.46004
Rwanda,RWA,2017,612.4,2441.0854,105.79807,20.247757
Saint Lucia,LCA,2017,454.2,22207.213,718.74005,21.78372
Saint Vincent and the Grenadines,VCT,2017,547.5,15533.222,574.2439,46.93929
Samoa,WSM,2017,798.0,6919.9023,324.33044,18.96572
Sao Tome and Principe,STP,2017,605.0,5521.2026,256.54123,67.652
Saudi Arabia,SAU,2017,487.4,57942.547,3109.8555,83.30069
Senegal,SEN,2017,611.9,3871.4514,134.66568,47.933834
Serbia,SRB,2017,613.1,19438.992,1361.7305,60.62121
Seychelles,SYC,2017,597.6,31595.668,1170.6226,43.496864
Sierra Leone,SLE,2017,647.8,2753.4272,152.09753,41.710667
Singapore,SGP,2017,237.4,117492.97,4180.3276,100.0
Slovakia,SVK,2017,489.7,35042.785,2038.1744,53.612602
Slovenia,SVN,2017,355.2,41700.652,2988.784,55.245113
Solomon Islands,SLB,2017,941.3,2704.0098,102.226616,25.383053
Somalia,SOM,2017,823.0,1527.6603,42.24442,48.363964
South Africa,ZAF,2017,616.3,14573.598,1095.931,63.33111
South Sudan,SSD,2017,548.4,,85.73574,19.348993
Spain,ESP,2017,298.7,45446.25,3598.64,79.466324
Sri Lanka,LKA,2017,475.0,14572.485,440.33206,19.15077
Sudan,SDN,2017,607.5,4061.0183,257.26743,34.287224
Suriname,SUR,2017,526.1,22070.514,935.09314,66.104645
Sweden,SWE,2017,312.8,59769.01,5670.2925,87.23737
Switzerland,CHE,2017,279.0,79333.74,7755.1772,77.91263
Syrian Arab Republic,SYR,2017,701.4,5083.652,131.75356,74.53956
Tajikistan,TJK,2017,570.5,3312.712,206.78413,26.273151
Thailand,THA,2017,361.3,20096.861,677.06,49.231197
Timor-Leste,TLS,2017,555.0,4290.027,235.66324,29.3601
Togo,TGO,2017,723.0,2708.6113,129.101,40.580948
Tonga,TON,2017,652.1,6863.548,310.88107,22.97113
Trinidad and Tobago,TTO,2017,526.0,34095.99,1756.7451,53.929317
Tunisia,TUN,2017,464.8,12955.401,698.2793,68.28778
Turkmenistan,TKM,2017,704.6,13963.404,935.9061,47.033485
Türkiye,TUR,2017,500.5,28194.688,1139.1027,88.03205
Uganda,UGA,2017,533.3,2543.8477,90.70569,26.413925
Ukraine,UKR,2017,644.2,16310.36,813.70465,69.26331
United Arab Emirates,ARE,2017,344.2,72529.04,2724.2676,84.686676
United Kingdom of Great Britain and Northern Ireland,GBR,2017,349.2,52429.13,4470.1104,82.23066
United Republic of Tanzania,TZA,2017,492.1,3318.2883,97.82385,32.298702
United States of America,USA,2017,407.9,66164.03,9822.606,80.40187
Uruguay,URY,2017,433.7,29762.422,2057.7964,95.22882
Uzbekistan,UZB,2017,851.5,8413.3,336.86917,50.678738
Vanuatu,VUT,2017,942.7,3947.6782,90.63793,24.764444
Viet Nam,VNM,2017,576.1,10290.549,457.58316,33.362595
Yemen,YEM,2017,669.0,,148.99025,33.558693
Zambia,ZMB,2017,603.5,3612.5059,162.17279,42.7296
Zimbabwe,ZWE,2017,904.4,5234.4067,143.32605,34.701496
"occupied Palestinian territory, including east Jerusalem",PSE,2017,578.9,6426.7954,523.2494,85.37823
Global Average,GLOBAL,2018,548.6092896174863,,,
Afghanistan,AFG,2018,911.8,2902.392,345.58795,24.999165
Albania,ALB,2018,579.2,16170.924,891.4514,56.377
Algeria,DZA,2018,530.6,15343.426,814.34705,71.90525
Angola,AGO,2018,658.5,10154.839,190.30934,65.873215
Antigua and Barbuda,ATG,2018,539.5,28878.607,1149.3099,24.778143
Argentina,ARG,2018,417.5,27367.115,2483.243,91.768
Armenia,ARM,2018,550.1,15037.045,1314.5883,64.85028
Australia,AUS,2018,279.7,57647.844,5319.0923,87.22677
Austria,AUT,2018,337.5,63777.938,5968.0557,68.104675
Azerbaijan,AZE,2018,556.1,19781.852,580.50854,57.184155
Bahamas,BHS,2018,546.3,33650.215,2024.3077,81.96432
Bahrain,BHR,2018,636.1,54893.074,2057.7617,100.0
Bangladesh,BGD,2018,496.5,6392.5933,127.164276,30.517565
Barbados,BRB,2018,481.0,19877.676,1081.6217,59.270176
Belarus,BLR,2018,635.9,26363.463,1102.022,77.21327
Belgium,BEL,2018,317.6,59357.69,5782.4907,86.88834
Belize,BLZ,2018,442.6,11451.897,453.1198,43.16485
Benin,BEN,2018,612.7,3155.4512,101.82109,47.99528
Bhutan,BTN,2018,496.0,13854.8545,359.1083,38.46619
Bolivia (Plurinational State of),BOL,2018,527.9,11920.313,591.2292,69.41339
Bosnia and Herzegovina,BIH,2018,506.4,16349.0,1302.6154,48.971928
Botswana,BWA,2018,584.1,17825.02,953.47766,66.15792
Brazil,BRA,2018,455.6,17917.75,1463.6046,86.44207
Brunei Darussalam,BRN,2018,522.1,78099.05,1574.0325,74.817245
Bulgaria,BGR,2018,629.3,27690.895,1753.5632,73.60021
Burkina Faso,BFA,2018,670.1,2316.3943,102.63267,26.08322
Burundi,BDI,2018,644.7,1043.4056,54.956753,17.682022
Cabo Verde,CPV,2018,520.3,8531.13,378.83847,70.39707
Cambodia,KHM,2018,685.3,6050.591,252.6,37.640434
Cameroon,CMR,2018,671.2,4851.48,145.17767,53.633987
Canada,CAN,2018,312.6,57337.47,5426.8633,81.55003
Central African Republic,CAF,2018,883.4,1125.7009,102.181404,41.282467
Chad,TCD,2018,637.0,2552.3704,73.27995,23.848608
Chile,CHL,2018,322.0,28499.406,2315.518,87.96205
China,CHN,2018,505.3,17807.049,814.63007,61.5002
Colombia,COL,2018,387.3,17104.13,1176.1431,77.28048
Comoros,COM,2018,593.5,3528.9587,160.62883,31.407364
Congo,COG,2018,658.4,7029.3364,98.208084,63.44346
Costa Rica,CRI,2018,321.4,23069.861,1566.3204,76.55443
Cote d'Ivoire,CIV,2018,635.2,5670.242,152.9028,50.87185
Croatia,HRV,2018,461.5,33729.547,1981.9993,56.09317
Cuba,CUB,2018,426.0,,2765.1406,77.01563
Cyprus,CYP,2018,315.6,43510.03,2749.6006,66.825554
Czechia,CZE,2018,424.9,46301.082,3075.206,72.84988
Democratic Republic of the Congo,COD,2018,695.9,1431.7285,34.999516,42.49466
Denmark,DNK,2018,359.0,65870.83,5804.235,88.10598
Djibouti,DJI,2018,624.8,5590.5044,128.64665,71.51534
Dominican Republic,DOM,2018,458.8,20662.848,758.9602,73.75893
Ecuador,ECU,2018,393.1,14083.507,954.6779,63.043327
Egypt,EGY,2018,798.3,14488.209,585.5072,42.457718
El Salvador,SLV,2018,420.7,10297.203,766.0107,71.75772
Equatorial Guinea,GNQ,2018,592.2,20165.48,546.5302,69.83966
Eritrea,ERI,2018,792.2,,81.07868,35.345104
Estonia,EST,2018,446.3,40849.848,2441.5564,69.28035
Eswatini,SWZ,2018,992.8,9578.101,627.79865,24.05793
Ethiopia,ETH,2018,482.5,2311.165,69.22339,20.78381
Fiji,FJI,2018,958.3,13100.096,543.0408,56.232834
Finland,FIN,2018,340.0,56226.336,4484.3486,72.34235
France,FRA,2018,282.7,52560.953,5255.33,78.67144
Gabon,GAB,2018,657.6,19225.598,423.61072,89.453995
Gambia,GMB,2018,640.5,2651.4329,72.537,61.064587
Georgia,GEO,2018,634.3,17228.68,1144.0099,58.303818
Germany,DEU,2018,366.2,62481.117,6302.0913,81.1423
Ghana,GHA,2018,625.5,6234.512,134.53738,55.21848
Greece,GRC,2018,338.9,32722.33,2403.1624,78.049065
Grenada,GRD,2018,657.1,16964.852,732.341,36.07204
Guatemala,GTM,2018,492.6,11192.372,607.4141,53.845963
Guinea,GIN,2018,647.8,3455.645,106.33831,35.85544
Guinea-Bissau,GNB,2018,672.7,2373.6494,149.85417,43.44491
Guyana,GUY,2018,659.7,12980.357,610.2961,26.418839
Haiti,HTI,2018,870.9,3465.255,138.42789,51.374897
Honduras,HND,2018,627.7,6219.28,407.19263,55.885258
Hungary,HUN,2018,569.4,35798.043,2112.9448,70.471176
Iceland,ISL,2018,304.0,66703.02,4824.6294,93.85267
India,IND,2018,577.4,7492.626,191.94691,33.498436
Indonesia,IDN,2018,662.7,12262.231,326.1038,55.095684
Iran (Islamic Republic of),IRN,2018,436.3,15364.805,984.7118,74.80343
Iraq,IRQ,2018,565.3,14456.235,496.29614,69.87652
Ireland,IRL,2018,330.8,93115.836,5873.421,63.08445
Israel,ISR,2018,285.6,43782.652,3035.3262,91.64562
Italy,ITA,2018,293.5,49355.875,3768.1897,69.48
Jamaica,JAM,2018,669.5,10636.093,686.29706,56.297413
Japan,JPN,2018,231.2,46133.023,4522.3413,91.63773
Jordan,JOR,2018,372.2,10183.024,631.41974,91.20089
Kazakhstan,KAZ,2018,656.1,32330.227,707.17395,58.238804
Kenya,KEN,2018,567.8,5017.668,180.83138,31.394005
Kiribati,KIR,2018,1026.0,2875.4177,291.5711,54.5004
Kuwait,KWT,2018,269.6,51623.81,2656.9766,100.0
Kyrgyzstan,KGZ,2018,645.8,5951.8286,243.25327,34.9409
Lao People's Democratic Republic,LAO,2018,707.9,7775.086,168.17769,35.205006
Latvia,LVA,2018,566.1,34729.707,1903.7664,68.01604
Lebanon,LBN,2018,365.5,16290.052,1774.2334,89.272835
Lesotho,LSO,2018,1025.0,2846.4182,294.4176,37.56909
Liberia,LBR,2018,580.7,1647.9745,179.38278,52.32458
Libya,LBY,2018,577.3,16385.164,918.7599,87.81848
Lithuania,LTU,2018,524.3,41035.402,2354.8027,67.14648
Luxembourg,LUX,2018,288.5,131733.89,6211.7305,92.670944
Madagascar,MDG,2018,692.6,1678.7863,65.291145,29.918112
Malawi,MWI,2018,688.6,1638.9166,93.87687,16.022148
Malaysia,MYS,2018,524.9,30459.965,1044.8835,74.56346
Maldives,MDV,2018,444.3,21072.58,1597.347,39.692337
Mali,MLI,2018,650.7,2862.4072,83.976135,27.699919
Malta,MLT,2018,303.1,53419.004,3983.1794,94.724236
Mauritania,MRT,2018,520.1,6153.6377,156.55896,55.13051
Mauritius,MUS,2018,564.8,25243.887,1269.2137,39.347492
Mexico,MEX,2018,446.9,21997.773,1095.9117,78.02712
Micronesia (Federated States of),FSM,2018,964.5,3838.6406,375.11603,22.344982
Mongolia,MNG,2018,757.0,15230.241,565.6734,67.86835
Montenegro,MNE,2018,524.4,23562.176,1813.6692,65.0854
Morocco,MAR,2018,626.2,8611.75,391.4368,61.569584
Mozambique,MOZ,2018,806.7,1538.8351,105.76899,32.990257
Myanmar,MMR,2018,683.8,6201.263,253.13911,29.993574
Namibia,NAM,2018,632.8,11214.386,849.538,47.423283
Nepal,NPL,2018,551.1,4371.3857,179.15125,65.810425
Netherlands (Kingdom of the),NLD,2018,315.4,66758.24,5811.2354,92.60625
New Zealand,NZL,2018,316.3,46974.684,3644.2637,83.80179
Nicaragua,NIC,2018,377.9,7049.027,504.45123,58.368385
Niger,NER,2018,575.3,1565.0197,67.516525,16.644901
Nigeria,NGA,2018,479.8,8362.623,157.10527,58.155334
North Macedonia,MKD,2018,584.2,20805.922,1172.9415,60.15803
Norway,NOR,2018,294.4,90064.07,7019.084,82.24521
Oman,OMN,2018,581.8,38673.605,1214.5222,78.96558
Pakistan,PAK,2018,688.3,5255.0635,140.83907,36.747852
Panama,PAN,2018,355.7,32681.473,2466.8364,65.70993
Papua New Guinea,PNG,2018,720.6,4211.685,89.94872,13.712572
Paraguay,PRY,2018,473.3,15591.015,953.6786,63.9249
Peru,PER,2018,305.8,15384.185,679.84015,82.68549
Philippines,PHL,2018,648.8,9016.286,330.45004,53.20889
Poland,POL,2018,464.9,36500.41,2021.7706,60.05333
Portugal,PRT,2018,334.6,39123.613,3271.1768,61.123306
Qatar,QAT,2018,429.2,114909.945,3045.975,99.07557
Republic of Korea,KOR,2018,241.2,48834.445,3246.9868,81.382355
Republic of Moldova,MDA,2018,650.4,13895.504,789.42535,40.32581
Romania,ROU,2018,575.2,34828.895,1626.5913,53.14457
Russian Federation,RUS,2018,645.7,36536.695,1547.6584,74.5443
Rwanda,RWA,2018,612.9,2577.6973,115.99122,21.541845
Saint Lucia,LCA,2018,454.5,22761.162,744.91565,22.926125
Saint Vincent and the Grenadines,VCT,2018,555.6,16139.066,624.9083,47.06747
Samoa,WSM,2018,794.7,6805.917,301.65805,18.724127
Sao Tome and Principe,STP,2018,607.0,5674.7236,233.27583,67.78288
Saudi Arabia,SAU,2018,494.6,61359.465,3011.3037,83.47084
Senegal,SEN,2018,609.1,3998.2864,149.8051,48.90017
Serbia,SRB,2018,593.1,20454.227,1507.5636,60.84336
Seychelles,SYC,2018,599.4,32841.426,1192.285,43.738667
Sierra Leone,SLE,2018,648.3,2767.3801,139.92606,42.201103
Singapore,SGP,2018,228.2,120668.89,4237.4097,100.0
Slovakia,SVK,2018,483.2,36415.793,2092.6384,53.48815
Slovenia,SVN,2018,352.3,43369.223,3236.614,55.19134
Solomon Islands,SLB,2018,942.6,2686.4631,96.376724,26.294683
Somalia,SOM,2018,818.2,1504.9791,39.48561,50.950623
South Africa,ZAF,2018,607.5,14553.562,1078.7294,63.377155
South Sudan,SSD,2018,589.9,,73.85809,19.625414
Spain,ESP,2018,295.6,46325.21,3731.5,79.55801
Sri Lanka,LKA,2018,464.8,14759.825,502.81735,19.324108
Sudan,SDN,2018,613.5,3816.66,193.9806,34.382053
Suriname,SUR,2018,534.8,22938.535,1179.4879,66.069305
Sweden,SWE,2018,305.9,60124.57,5923.988,87.47374
Switzerland,CHE,2018,273.1,81371.89,7914.5044,79.29222
Syrian Arab Republic,SYR,2018,707.0,5061.494,142.5394,74.061264
Tajikistan,TJK,2018,559.5,3479.6924,215.2607,26.233875
Thailand,THA,2018,367.9,20882.17,730.37915,54.584373
Timor-Leste,TLS,2018,564.3,4188.841,228.00508,29.248617
Togo,TGO,2018,716.5,2787.564,127.34848,41.01333
Tonga,TON,2018,647.6,6885.985,347.39218,22.701714
Trinidad and Tobago,TTO,2018,516.7,33710.02,1763.0891,53.931454
Tunisia,TUN,2018,459.4,13163.195,703.0826,68.54852
Turkmenistan,TKM,2018,699.1,14499.168,964.9089,47.042397
Türkiye,TUR,2018,479.1,28780.303,1124.656,88.16557
Uganda,UGA,2018,547.2,2613.88,97.959465,27.128048
Ukraine,UKR,2018,660.4,16978.984,893.631,69.315796
United Arab Emirates,ARE,2018,337.0,72671.08,3076.7683,84.86018
United Kingdom of Great Britain and Northern Ireland,GBR,2018,356.8,52983.04,4614.187,82.44656
United Republic of Tanzania,TZA,2018,505.5,3392.6887,110.040924,32.828743
United States of America,USA,2018,404.2,67728.445,10180.482,80.28046
Uruguay,URY,2018,438.8,29757.928,2170.4253,95.29426
Uzbekistan,UZB,2018,780.5,8742.549,370.07095,50.581497
Vanuatu,VUT,2018,940.9,3951.1846,111.22835,24.272972
Venezuela (Bolivarian Republic of),VEN,2018,518.0,,,89.06596
Viet Nam,VNM,2018,571.9,10936.894,503.18008,33.94102
Yemen,YEM,2018,670.2,,166.31094,34.210606
Zambia,ZMB,2018,598.0,3646.9597,164.19559,43.111473
Zimbabwe,ZWE,2018,912.1,5415.493,114.42487,35.408554
"occupied Palestinian territory, including east Jerusalem",PSE,2018,562.9,6342.9375,565.37683,85.53511
Global Average,GLOBAL,2019,548.3081967213114,,,
Afghanistan,AFG,2019,910.9,2927.245,383.1649,25.143726
Albania,ALB,2019,606.8,16761.123,992.4126,56.76391
Algeria,DZA,2019,530.9,15199.199,752.6032,72.48245
Angola,AGO,2019,676.3,9712.9795,188.94135,66.66378
Antigua and Barbuda,ATG,2019,546.5,29651.863,1135.5015,24.708338
Argentina,ARG,2019,415.5,26629.553,2379.694,91.85678
Armenia,ARM,2019,556.7,16215.36,1738.5587,65.0047
Australia,AUS,2019,288.0,58048.617,5464.5693,87.30196
Austria,AUT,2019,328.5,64609.285,6428.202,68.317604
Azerbaijan,AZE,2019,519.9,20101.492,691.39655,58.130817
Bahamas,BHS,2019,547.9,33202.49,2019.8605,81.825745
Bahrain,BHR,2019,631.5,56749.96,2139.141,100.0
Bangladesh,BGD,2019,497.7,6838.326,128.62997,30.82284
Barbados,BRB,2019,500.8,19890.455,1064.6445,59.284115
Belarus,BLR,2019,613.7,26798.82,1305.0011,77.45508
Belgium,BEL,2019,307.4,60479.977,6176.006,87.09616
Belize,BLZ,2019,431.2,11765.975,507.2402,42.90776
Benin,BEN,2019,607.8,3281.1047,94.53454,48.71255
Bhutan,BTN,2019,484.6,14555.188,417.63123,39.074684
Bolivia (Plurinational State of),BOL,2019,523.6,11930.916,631.9301,69.7335
Bosnia and Herzegovina,BIH,2019,518.9,17029.297,1466.5083,49.465042
Botswana,BWA,2019,552.8,18106.01,975.31445,66.32717
Brazil,BRA,2019,451.7,18018.621,1545.0332,86.6798
Brunei Darussalam,BRN,2019,500.2,80228.16,1547.287,74.79233
Bulgaria,BGR,2019,620.0,29149.922,1895.1364,73.71623
Burkina Faso,BFA,2019,658.3,2391.5364,119.85648,26.118725
Burundi,BDI,2019,643.5,1054.726,70.51433,18.786179
Cabo Verde,CPV,2019,516.5,9111.63,416.9149,71.62543
Cambodia,KHM,2019,683.6,6448.885,311.26968,39.583023
Cameroon,CMR,2019,666.4,4882.3555,154.86755,53.94879
Canada,CAN,2019,305.9,57583.824,5554.9634,81.73637
Central African Republic,CAF,2019,874.3,1145.0956,78.39879,41.780045
Chad,TCD,2019,632.9,2604.5315,79.596794,24.273106
Chile,CHL,2019,314.8,28227.979,2384.3738,88.127365
China,CHN,2019,499.5,18820.588,917.2216,62.709915
Colombia,COL,2019,384.8,17336.771,1267.6736,77.45956
Comoros,COM,2019,591.6,3522.6687,170.59496,31.728758
Congo,COG,2019,673.3,6939.369,134.27977,63.51764
Costa Rica,CRI,2019,323.0,23496.83,1685.4113,77.04359
Cote d'Ivoire,CIV,2019,630.7,5894.9224,175.92726,51.35148
Croatia,HRV,2019,449.6,35122.797,2223.274,56.30325
Cuba,CUB,2019,433.1,,2829.2615,77.07282
Cyprus,CYP,2019,310.6,45454.176,3128.2317,66.76774
Czechia,CZE,2019,416.1,47763.617,3422.4473,72.78764
Democratic Republic of the Congo,COD,2019,687.6,1394.7646,40.25181,42.87471
Denmark,DNK,2019,342.4,66758.63,6171.199,88.20965
Djibouti,DJI,2019,618.1,5809.3047,130.27962,71.74181
Dominican Republic,DOM,2019,447.0,21451.287,863.4297,73.540344
Ecuador,ECU,2019,385.4,13870.489,979.4586,63.062714
Egypt,EGY,2019,794.8,15026.568,614.66046,42.4812
El Salvador,SLV,2019,435.4,10543.938,859.41534,72.414894
Equatorial Guinea,GNQ,2019,592.1,18446.592,539.52057,70.11754
Eritrea,ERI,2019,784.1,,91.360435,35.235233
Estonia,EST,2019,426.4,42215.035,2702.2666,69.57874
Eswatini,SWZ,2019,977.7,10099.586,756.4076,24.345955
Ethiopia,ETH,2019,485.8,2437.9705,72.71959,21.24867
Fiji,FJI,2019,952.1,13056.331,566.103,56.709896
Finland,FIN,2019,334.1,56922.49,4821.267,72.74312
France,FRA,2019,277.8,53448.555,5719.345,78.68908
Gabon,GAB,2019,645.3,19491.406,441.54517,89.90318
Gambia,GMB,2019,644.6,2750.8213,76.17185,61.64321
Georgia,GEO,2019,622.3,18186.88,1201.6552,58.63041
Germany,DEU,2019,355.5,62949.895,6779.508,81.3054
Ghana,GHA,2019,619.3,6508.2466,195.35313,55.72463
Greece,GRC,2019,343.3,33502.75,2590.8467,78.18881
Grenada,GRD,2019,667.2,17036.916,811.00024,36.134647
Guatemala,GTM,2019,498.7,11466.377,664.11444,54.18823
Guinea,GIN,2019,643.3,3557.4624,126.989914,36.128155
Guinea-Bissau,GNB,2019,689.9,2442.2588,149.55164,43.874557
Guyana,GUY,2019,676.8,13402.422,649.2465,26.425884
Haiti,HTI,2019,870.5,3361.7532,124.6594,52.006905
Honduras,HND,2019,622.2,6264.019,424.7971,56.379158
Hungary,HUN,2019,556.3,37662.676,2224.3042,70.45653
Iceland,ISL,2019,301.9,65994.984,5227.257,93.97708
India,IND,2019,575.8,7702.1763,211.16661,33.813957
Indonesia,IDN,2019,659.9,12757.785,345.046,55.738205
Iran (Islamic Republic of),IRN,2019,435.8,14841.075,832.1758,75.20389
Iraq,IRQ,2019,588.4,14910.225,522.044,69.86834
Ireland,IRL,2019,325.4,96205.8,6135.1733,63.2737
Israel,ISR,2019,284.8,44492.12,3114.7485,91.6154
Italy,ITA,2019,287.2,49690.63,4014.2087,69.505005
Jamaica,JAM,2019,694.6,10816.372,702.7669,56.695797
Japan,JPN,2019,229.3,46055.35,4679.332,91.71642
Jordan,JOR,2019,367.9,10168.358,666.8633,91.51597
Kazakhstan,KAZ,2019,654.5,33298.21,799.70105,59.08325
Kenya,KEN,2019,562.1,5171.7124,204.77971,31.189556
Kiribati,KIR,2019,1032.0,2926.5938,280.75992,56.28467
Kuwait,KWT,2019,281.8,51380.645,2627.5315,100.0
Kyrgyzstan,KGZ,2019,632.1,6087.602,229.01677,34.88052
Lao People's Democratic Republic,LAO,2019,704.5,8075.275,202.09016,35.907288
Latvia,LVA,2019,540.1,35208.195,2202.676,68.06632
Lebanon,LBN,2019,366.4,15659.566,1887.4459,89.49867
Lesotho,LSO,2019,1027.0,2773.2864,560.02954,38.60409
Liberia,LBR,2019,584.1,1575.7666,147.95734,52.855263
Libya,LBY,2019,564.6,14337.196,898.4062,87.822014
Lithuania,LTU,2019,506.3,43078.71,2815.934,67.245735
Luxembourg,LUX,2019,288.6,132724.75,6700.6694,93.25899
Madagascar,MDG,2019,693.8,1707.8315,50.002083,30.304697
Malawi,MWI,2019,700.6,1687.2894,92.14736,16.138374
Malaysia,MYS,2019,519.4,31300.508,1111.0371,74.83777
Maldives,MDV,2019,911.5,21855.502,1731.3396,40.04928
Mali,MLI,2019,643.1,2916.1716,91.125145,28.352072
Malta,MLT,2019,304.9,53393.42,4671.7324,94.933205
Mauritania,MRT,2019,525.9,6162.2104,173.45186,56.05962
Mauritius,MUS,2019,559.7,25958.49,1346.7844,39.25095
Mexico,MEX,2019,449.5,21704.186,1111.3888,78.35599
Micronesia (Federated States of),FSM,2019,962.8,3965.0537,391.60318,22.359245
Mongolia,MNG,2019,739.4,15790.696,618.26917,67.82773
Montenegro,MNE,2019,548.4,24585.115,2045.0597,65.16868
Morocco,MAR,2019,624.1,8768.176,409.95956,61.843044
Mozambique,MOZ,2019,780.3,1528.8899,109.743744,33.417725
Myanmar,MMR,2019,683.2,6562.989,232.58145,30.078243
Namibia,NAM,2019,636.1,10813.305,851.2146,48.00198
Nepal,NPL,2019,550.8,4607.5244,189.39748,65.9874
Netherlands (Kingdom of the),NLD,2019,301.7,67847.88,6217.2046,93.8898
New Zealand,NZL,2019,313.1,47392.19,3887.603,83.80496
Nicaragua,NIC,2019,370.9,6756.5933,508.4167,58.540565
Niger,NER,2019,575.3,1605.1948,80.58392,16.813147
Nigeria,NGA,2019,478.4,8361.787,160.09311,58.961117
North Macedonia,MKD,2019,650.8,21766.885,1412.9353,60.628685
Norway,NOR,2019,289.0,90772.9,7432.085,82.49359
Oman,OMN,2019,565.6,38292.387,1417.924,79.578
Pakistan,PAK,2019,682.6,5295.953,143.4372,37.10916
Panama,PAN,2019,351.7,33163.72,2701.9824,65.75298
Papua New Guinea,PNG,2019,733.2,4302.1626,94.40512,13.927827
Paraguay,PRY,2019,473.2,15319.389,1013.2272,64.98453
Peru,PER,2019,325.2,15461.457,709.3429,83.1033
Philippines,PHL,2019,666.4,9452.294,371.81912,53.715786
Poland,POL,2019,457.0,38181.62,2292.1062,59.96262
Portugal,PRT,2019,329.7,40188.285,3584.0596,61.114925
Qatar,QAT,2019,421.3,113160.98,3228.735,99.11917
Republic of Korea,KOR,2019,228.6,49790.867,3578.3506,81.29011
Republic of Moldova,MDA,2019,632.6,14621.24,864.66296,40.77229
Romania,ROU,2019,554.8,36399.473,1912.9242,52.893185
Russian Federation,RUS,2019,620.3,37319.32,1759.399,74.622284
Rwanda,RWA,2019,613.7,2753.5396,114.814026,22.971102
Saint Lucia,LCA,2019,457.6,22445.209,802.7613,24.247698
Saint Vincent and the Grenadines,VCT,2019,558.4,16365.325,652.9506,47.19621
Samoa,WSM,2019,791.2,7034.4224,374.88614,18.414734
Sao Tome and Principe,STP,2019,606.8,5702.0835,255.16005,67.912994
Saudi Arabia,SAU,2019,492.2,62647.73,3030.8167,83.639465
Senegal,SEN,2019,612.4,4070.6123,163.98843,49.944332
Serbia,SRB,2019,585.4,21541.127,1701.6577,61.049225
Seychelles,SYC,2019,596.8,34346.07,1207.5449,44.00493
Sierra Leone,SLE,2019,643.3,2852.6626,154.27423,42.701843
Singapore,SGP,2019,219.3,120678.34,4670.4624,100.0
Slovakia,SVK,2019,463.4,37194.21,2350.366,53.366657
Slovenia,SVN,2019,340.6,44577.94,3642.5874,55.452328
Solomon Islands,SLB,2019,934.5,2661.9578,111.4644,27.275106
Somalia,SOM,2019,814.2,1491.2949,36.11472,51.642117
South Africa,ZAF,2019,589.6,14352.67,1101.8588,63.412727
South Sudan,SSD,2019,610.6,,67.8132,19.906229
Spain,ESP,2019,284.5,46896.418,4075.976,79.63498
Sri Lanka,LKA,2019,448.2,14637.444,508.18713,19.494633
Sudan,SDN,2019,607.3,3625.5232,185.39551,34.472767
Suriname,SUR,2019,535.1,22966.74,1657.537,66.03705
Sweden,SWE,2019,291.0,61070.523,6267.407,87.70884
Switzerland,CHE,2019,269.6,81694.63,8422.36,80.77929
Syrian Arab Republic,SYR,2019,685.1,4928.029,147.85175,73.82488
Tajikistan,TJK,2019,549.5,3649.8838,240.38808,26.130074
Thailand,THA,2019,378.9,21280.15,756.75714,55.926617
Timor-Leste,TLS,2019,575.4,5103.1494,227.52518,29.114876
Togo,TGO,2019,708.8,2862.6267,130.94821,41.445732
Tonga,TON,2019,643.0,6859.7173,330.5783,22.328815
Trinidad and Tobago,TTO,2019,515.7,33748.707,1868.7148,53.93424
Tunisia,TUN,2019,451.7,13243.902,752.7608,68.82064
Turkmenistan,TKM,2019,697.4,15080.903,1007.8071,47.049458
Türkiye,TUR,2019,482.3,28741.053,1200.3925,88.66181
Uganda,UGA,2019,564.6,2689.4102,98.22128,27.836979
Ukraine,UKR,2019,651.0,17636.555,953.68414,69.35277
United Arab Emirates,ARE,2019,328.7,72822.945,3409.7002,85.02982
United Kingdom of Great Britain and Northern Ireland,GBR,2019,336.9,53374.094,4983.8364,82.669945
United Republic of Tanzania,TZA,2019,517.9,3484.6326,112.11017,33.347527
United States of America,USA,2019,401.5,69121.46,10550.221,80.13048
Uruguay,URY,2019,444.4,30010.562,2382.5012,95.34793
Uzbekistan,UZB,2019,735.4,9169.012,413.1242,50.59201
Vanuatu,VUT,2019,940.1,3986.6562,115.88608,23.502466
Venezuela (Bolivarian Republic of),VEN,2019,523.5,,79.020164,89.10301
Viet Nam,VNM,2019,568.3,11628.614,548.6043,34.623913
Yemen,YEM,2019,679.2,,202.29665,34.906757
Zambia,ZMB,2019,621.4,3591.5642,227.00629,43.489788
Zimbabwe,ZWE,2019,890.3,4993.865,27553.627,36.183765
"occupied Palestinian territory, including east Jerusalem",PSE,2019,559.4,6269.891,564.9952,85.813614
Global Average,GLOBAL,2020,546.9759562841531,,,
Afghanistan,AFG,2020,919.3,2769.6858,401.16333,25.26221
Albania,ALB,2020,632.6,16457.719,1070.4746,57.140858
Algeria,DZA,2020,538.8,14194.155,714.7408,73.054115
Angola,AGO,2020,693.5,8904.949,220.48994,67.456825
Antigua and Barbuda,ATG,2020,437.9,23930.672,1271.3939,24.640615
Argentina,ARG,2020,385.5,23877.094,2389.9216,91.9439
Armenia,ARM,2020,617.0,15052.936,1844.1028,65.17422
Australia,AUS,2020,268.8,57260.465,6059.419,87.27135
Austria,AUT,2020,329.3,60276.332,6691.0483,68.541016
Azerbaijan,AZE,2020,563.3,19126.098,879.07367,58.29347
Bahamas,BHS,2020,527.3,26452.695,1933.9937,81.66426
Bahrain,BHR,2020,644.3,53814.246,2417.1606,100.0
Bangladesh,BGD,2020,497.5,7015.1978,144.934,31.116892
Barbados,BRB,2020,459.3,16399.701,1064.5913,59.301456
Belarus,BLR,2020,606.4,26731.496,1598.2828,77.78904
Belgium,BEL,2020,288.0,57333.543,6441.8066,87.2965
Belize,BLZ,2020,437.4,10045.141,513.54535,42.64984
Benin,BEN,2020,617.7,3317.8596,98.9994,49.446156
Bhutan,BTN,2020,472.7,12979.937,524.2926,39.688885
Bolivia (Plurinational State of),BOL,2020,537.1,10285.659,665.39154,70.044266
Bosnia and Herzegovina,BIH,2020,521.7,16747.035,1588.3247,49.971085
Botswana,BWA,2020,590.8,16289.392,934.2004,66.448814
Brazil,BRA,2020,443.5,17327.516,1549.5015,86.91122
Brunei Darussalam,BRN,2020,486.9,80280.9,1712.2711,74.77481
Bulgaria,BGR,2020,654.3,28521.207,2304.2183,73.32399
Burkina Faso,BFA,2020,659.3,2380.9316,164.94649,26.357838
Burundi,BDI,2020,648.0,1027.6289,84.30169,19.930998
Cabo Verde,CPV,2020,512.5,7207.8687,483.50247,72.88385
Cambodia,KHM,2020,687.6,6128.782,304.86658,39.832657
Cameroon,CMR,2020,673.6,4763.482,185.6962,54.255795
Canada,CAN,2020,315.3,54092.86,6301.4727,81.95099
Central African Republic,CAF,2020,871.8,1136.5706,98.213615,42.30508
Chad,TCD,2020,643.8,2513.0293,95.1376,24.734192
Chile,CHL,2020,308.0,26258.404,2458.3606,88.29535
China,CHN,2020,490.8,19215.102,1002.0306,63.523422
Colombia,COL,2020,385.7,15861.5,1349.7853,77.63825
Comoros,COM,2020,606.8,3447.4727,191.52675,32.06381
Congo,COG,2020,645.7,6350.5093,191.68549,63.57609
Costa Rica,CRI,2020,315.3,22368.139,1729.4158,77.52116
Cote d'Ivoire,CIV,2020,637.5,5787.858,200.86917,51.835766
Croatia,HRV,2020,451.1,32493.402,2403.271,56.52849
Cuba,CUB,2020,446.0,,2882.5427,77.10803
Cyprus,CYP,2020,313.9,43402.36,3705.918,66.71805
Czechia,CZE,2020,431.0,45119.938,4023.557,72.72549
Democratic Republic of the Congo,COD,2020,707.1,1361.028,46.018856,43.25286
Denmark,DNK,2020,332.8,65379.305,6702.0815,88.23945
Djibouti,DJI,2020,624.5,5791.4775,129.25508,71.999016
Dominican Republic,DOM,2020,464.5,19545.41,943.2475,73.26438
Ecuador,ECU,2020,445.1,12440.326,992.0012,63.07739
Egypt,EGY,2020,763.7,15309.236,632.70825,42.518154
El Salvador,SLV,2020,452.4,9692.449,840.7379,73.05702
Equatorial Guinea,GNQ,2020,598.2,17089.154,506.81982,70.38533
Eritrea,ERI,2020,792.7,,84.73785,35.11614
Estonia,EST,2020,429.1,40916.72,3040.1865,69.88158
Eswatini,SWZ,2020,958.7,9695.825,637.8089,24.66528
Ethiopia,ETH,2020,497.0,2516.549,83.76957,21.626005
Fiji,FJI,2020,942.6,10812.035,594.3224,57.186684
Finland,FIN,2020,336.0,55424.86,5169.5825,73.084946
France,FRA,2020,276.2,49311.332,6013.23,78.711914
Gabon,GAB,2020,563.0,18681.484,498.03165,90.348076
Gambia,GMB,2020,648.1,2702.319,101.59602,62.206924
Georgia,GEO,2020,622.2,17031.145,1520.0283,58.999054
Germany,DEU,2020,351.8,60299.58,7316.328,81.47001
Ghana,GHA,2020,619.9,6412.6855,268.08737,56.217163
Greece,GRC,2020,343.2,30487.113,2765.263,78.30669
Grenada,GRD,2020,530.1,14647.745,761.94824,36.20505
Guatemala,GTM,2020,499.2,11097.15,707.1079,54.548317
Guinea,GIN,2020,643.2,3630.9934,129.97395,36.48022
Guinea-Bissau,GNB,2020,709.9,2456.0115,187.55556,44.303833
Guyana,GUY,2020,705.1,19234.13,904.0613,26.43404
Haiti,HTI,2020,871.9,3210.5361,117.50255,52.63075
Honduras,HND,2020,609.4,5603.264,496.42212,56.869164
Hungary,HUN,2020,557.3,36119.52,2567.8428,70.29173
Iceland,ISL,2020,294.6,60617.145,5381.6597,94.13671
India,IND,2020,567.3,7186.8643,232.77542,34.128674
Indonesia,IDN,2020,648.1,12388.545,401.2233,56.27853
Iran (Islamic Republic of),IRN,2020,449.2,15381.585,700.0103,75.59864
Iraq,IRQ,2020,696.8,12827.635,610.5593,69.86832
Ireland,IRL,2020,317.2,101793.445,6856.751,63.471336
Israel,ISR,2020,273.8,42926.543,3322.7812,91.57884
Italy,ITA,2020,291.8,45505.07,4235.52,69.51875
Jamaica,JAM,2020,679.7,9891.97,672.1391,57.110363
Japan,JPN,2020,226.8,44212.55,4855.961,91.78099
Jordan,JOR,2020,395.5,9872.31,722.7968,91.82167
Kazakhstan,KAZ,2020,635.3,32011.549,1089.8673,59.987118
Kenya,KEN,2020,530.8,5057.4014,215.2861,31.20635
Kiribati,KIR,2020,1066.0,2839.1729,369.90988,58.412373
Kuwait,KWT,2020,317.0,49372.82,2534.622,100.0
Kyrgyzstan,KGZ,2020,593.0,5537.7954,257.98816,34.817432
Lao People's Democratic Republic,LAO,2020,729.1,7995.595,159.15674,36.618504
Latvia,LVA,2020,545.8,34225.9,2448.2175,68.121124
Lebanon,LBN,2020,367.3,12507.437,1008.0392,89.7295
Lesotho,LSO,2020,1013.0,2517.1104,269.80347,39.63293
Liberia,LBR,2020,586.0,1497.377,204.59703,53.387867
Libya,LBY,2020,561.1,9978.664,778.5292,87.82783
Lithuania,LTU,2020,546.9,43108.2,3060.5493,67.42546
Luxembourg,LUX,2020,258.3,129865.63,7088.2036,93.86007
Madagascar,MDG,2020,715.7,1545.7272,55.48713,30.701948
Malawi,MWI,2020,710.1,1656.4398,106.45285,16.296146
Malaysia,MYS,2020,435.4,29200.453,1121.6672,75.05119
Maldives,MDV,2020,887.0,14242.975,1535.7958,40.398514
Mali,MLI,2020,648.7,2796.4104,80.5819,29.020597
Malta,MLT,2020,295.4,50389.695,4931.895,95.184105
Mauritania,MRT,2020,543.5,5963.2354,172.30789,56.98367
Mauritius,MUS,2020,589.6,22272.54,1282.6248,39.160706
Mexico,MEX,2020,458.4,19728.482,1171.4056,78.67796
Micronesia (Federated States of),FSM,2020,987.5,3861.2932,389.7828,22.375206
Mongolia,MNG,2020,614.3,14801.342,646.0291,68.08948
Montenegro,MNE,2020,577.0,20904.6,2452.121,65.24907
Morocco,MAR,2020,631.8,8054.563,452.76282,62.09334
Mozambique,MOZ,2020,778.7,1466.1248,106.60411,33.9044
Myanmar,MMR,2020,683.9,5926.8345,257.27222,30.159306
Namibia,NAM,2020,659.1,9652.248,894.31104,48.547382
Nepal,NPL,2020,550.1,4412.542,220.59285,66.10509
Netherlands (Kingdom of the),NLD,2020,296.3,64862.188,6867.401,94.25323
New Zealand,NZL,2020,292.3,46326.38,4213.142,83.813896
Nicaragua,NIC,2020,342.9,6523.3696,536.8985,58.704594
Niger,NER,2020,578.7,1622.2787,92.3532,17.008142
Nigeria,NGA,2020,498.7,7664.211,180.9892,59.765965
North Macedonia,MKD,2020,622.0,20971.441,1530.3955,61.15933
Norway,NOR,2020,282.7,89012.27,7683.816,82.70299
Oman,OMN,2020,630.8,37560.6,1800.0793,80.01764
Pakistan,PAK,2020,687.7,5135.0146,149.05444,37.50802
Panama,PAN,2020,323.9,26881.828,2761.452,65.7863
Papua New Guinea,PNG,2020,700.0,4078.1538,89.76591,14.170368
Paraguay,PRY,2020,432.7,14989.767,1098.2537,66.11652
Peru,PER,2020,349.2,13607.764,817.58136,83.52674
Philippines,PHL,2020,640.2,8455.185,425.27615,54.107773
Poland,POL,2020,471.2,37852.8,2356.091,59.873814
Portugal,PRT,2020,323.6,36852.23,3755.403,61.104256
Qatar,QAT,2020,469.7,103061.914,3126.728,99.16179
Republic of Korea,KOR,2020,226.2,49374.094,3841.908,81.17596
Republic of Moldova,MDA,2020,640.7,13559.26,944.39825,41.336853
Romania,ROU,2020,567.2,35283.605,2128.2085,52.611946
Russian Federation,RUS,2020,568.4,36376.336,2538.8235,74.69322
Rwanda,RWA,2020,606.9,2617.707,132.48886,24.502975
Saint Lucia,LCA,2020,466.7,17247.957,1045.3789,25.75244
Saint Vincent and the Grenadines,VCT,2020,573.4,15763.705,746.25604,47.325516
Samoa,WSM,2020,800.1,6746.1567,392.89798,18.05166
Sao Tome and Principe,STP,2020,590.8,5742.9473,376.61847,68.04367
Saudi Arabia,SAU,2020,452.9,57420.734,3074.4038,83.806435
Senegal,SEN,2020,616.9,4018.0413,193.06787,51.056293
Serbia,SRB,2020,600.4,21479.078,1738.4812,61.2232
Seychelles,SYC,2020,400.1,30056.2,1483.8202,44.293613
Sierra Leone,SLE,2020,619.6,2752.6262,154.03929,43.212967
Singapore,SGP,2020,223.7,116684.21,5854.304,100.0
Slovakia,SVK,2020,470.3,36201.49,2494.687,53.2482
Slovenia,SVN,2020,329.9,42471.523,3976.0505,55.38439
Solomon Islands,SLB,2020,971.7,2515.4636,117.734375,28.032755
Somalia,SOM,2020,824.6,1396.0554,33.884666,52.28632
South Africa,ZAF,2020,627.7,13250.566,1143.1525,63.43731
South Sudan,SSD,2020,624.2,,75.36224,20.191456
Spain,ESP,2020,280.6,41553.45,4249.0713,79.695564
Sri Lanka,LKA,2020,334.7,13886.651,537.3758,19.66219
Sudan,SDN,2020,618.0,3401.2498,128.4758,34.559444
Suriname,SUR,2020,528.4,19091.361,1022.6074,66.0083
Sweden,SWE,2020,286.2,59458.28,6584.353,87.942406
Switzerland,CHE,2020,259.8,79270.875,8749.708,82.34168
Syrian Arab Republic,SYR,2020,690.5,4810.611,137.17543,73.412506
Tajikistan,TJK,2020,583.4,3724.749,324.84875,26.192545
Thailand,THA,2020,385.4,19950.285,835.01154,57.235878
Timor-Leste,TLS,2020,534.7,6594.882,445.5404,28.961905
Togo,TGO,2020,712.8,2861.2979,145.65044,41.87815
Tonga,TON,2020,631.4,6981.304,329.74356,21.876621
Trinidad and Tobago,TTO,2020,521.0,30720.887,1853.4807,53.93777
Tunisia,TUN,2020,455.7,11955.599,840.9672,69.10432
Turkmenistan,TKM,2020,697.4,15630.914,961.43176,47.054695
Türkiye,TUR,2020,493.5,28976.719,1282.3625,88.93031
Uganda,UGA,2020,559.7,2678.009,134.04637,28.539976
Ukraine,UKR,2020,638.5,17092.54,1110.4702,69.38391
United Arab Emirates,ARE,2020,335.1,66808.62,3787.522,85.195526
United Kingdom of Great Britain and Northern Ireland,GBR,2020,341.9,47930.55,5808.3804,82.9
United Republic of Tanzania,TZA,2020,506.7,3449.8215,93.36044,33.854725
United States of America,USA,2020,424.6,67406.83,11648.495,79.99745
Uruguay,URY,2020,415.3,27788.176,2337.846,95.399765
Uzbekistan,UZB,2020,805.6,9145.231,514.3701,50.76704
Vanuatu,VUT,2020,956.1,3671.9739,128.48694,22.418686
Venezuela (Bolivarian Republic of),VEN,2020,557.0,,98.025925,89.13991
Viet Nam,VNM,2020,516.9,11851.396,502.9387,35.570667
Yemen,YEM,2020,699.6,,193.4439,35.70256
Zambia,ZMB,2020,662.9,3391.5955,199.12292,43.86445
Zimbabwe,ZWE,2020,903.7,4527.7393,5114.2505,37.009766
"occupied Palestinian territory, including east Jerusalem",PSE,2020,548.4,5423.6826,579.90826,86.07412
Global Average,GLOBAL,2021,531.231693989071,,,
Afghanistan,AFG,2021,846.9,2144.1665,461.17685,25.347862
Albania,ALB,2021,415.7,18212.795,1170.7896,57.507717
Algeria,DZA,2021,517.5,14496.865,728.01624,73.61992
Angola,AGO,2021,678.6,8720.1875,242.81508,68.25242
Antigua and Barbuda,ATG,2021,389.7,25745.496,1239.2449,24.574984
Argentina,ARG,2021,397.0,26300.273,2895.424,92.029274
Armenia,ARM,2021,593.3,15921.705,2024.8337,65.357285
Australia,AUS,2021,275.8,58327.414,6764.388,87.235344
Austria,AUT,2021,325.6,62968.855,7692.771,68.773605
Azerbaijan,AZE,2021,452.7,20111.375,933.3739,58.365997
Bahamas,BHS,2021,510.2,31064.682,1990.8776,81.478424
Bahrain,BHR,2021,668.2,54954.676,2382.4138,100.0
Bangladesh,BGD,2021,478.9,7441.0693,168.67322,31.399216
Barbados,BRB,2021,423.0,17686.746,1167.2649,59.322037
Belarus,BLR,2021,580.7,27611.18,1784.4498,78.13109
Belgium,BEL,2021,283.8,60669.215,6867.1206,87.43056
Belize,BLZ,2021,412.8,11716.327,589.22986,42.391083
Benin,BEN,2021,590.5,3464.2886,101.01511,50.196182
Bhutan,BTN,2021,454.5,13458.8125,608.6191,40.30752
Bolivia (Plurinational State of),BOL,2021,505.3,11202.441,771.4778,70.34504
Bosnia and Herzegovina,BIH,2021,510.3,18286.662,1770.6395,50.48995
Botswana,BWA,2021,489.1,17960.625,1132.085,66.51828
Brazil,BRA,2021,447.9,18075.705,1741.859,87.13608
Brunei Darussalam,BRN,2021,460.6,78248.8,1680.3821,74.76673
Bulgaria,BGR,2021,684.9,30958.982,2647.5925,73.34676
Burkina Faso,BFA,2021,638.6,2486.431,176.56078,26.81143
Burundi,BDI,2021,670.2,1032.3827,74.92222,21.110886
Cabo Verde,CPV,2021,507.5,7685.4194,507.8326,74.16079
Cambodia,KHM,2021,665.1,6225.5327,394.62906,40.109184
Cameroon,CMR,2021,638.8,4793.556,208.09293,54.554867
Canada,CAN,2021,309.8,56995.094,7017.3086,82.177925
Central African Republic,CAF,2021,791.4,1128.5524,106.03267,42.85478
Chad,TCD,2021,601.6,2435.0728,96.72677,25.231224
Chile,CHL,2021,330.2,29106.635,2828.843,88.46605
China,CHN,2021,491.4,20843.297,1084.0332,64.72108
Colombia,COL,2021,412.4,17383.09,1589.0762,77.833954
Comoros,COM,2021,582.7,3449.0435,218.31766,32.412445
Congo,COG,2021,616.7,6263.2114,195.65422,63.617912
Costa Rica,CRI,2021,305.9,24083.6,1815.5189,77.98689
Cote d'Ivoire,CIV,2021,600.2,6045.2046,227.42523,52.318348
Croatia,HRV,2021,461.0,36930.074,2950.4324,56.76835
Cuba,CUB,2021,469.2,,3386.376,77.09877
Cyprus,CYP,2021,297.2,47632.57,4262.485,66.67184
Czechia,CZE,2021,419.0,47796.035,4379.907,72.68106
Democratic Republic of the Congo,COD,2021,696.0,1402.3856,50.798885,43.629066
Denmark,DNK,2021,340.5,69328.0,7428.626,88.26164
Djibouti,DJI,2021,595.9,5960.108,171.13138,72.28829
Dominican Republic,DOM,2021,429.4,22053.459,1122.1682,72.92433
Ecuador,ECU,2021,437.7,13507.444,1131.2831,63.087128
Egypt,EGY,2021,766.8,15579.016,718.1227,42.568607
El Salvador,SLV,2021,435.3,10809.714,1094.661,73.68385
Equatorial Guinea,GNQ,2021,570.4,16821.45,590.4832,70.64312
Eritrea,ERI,2021,779.9,,86.75073,34.987114
Estonia,EST,2021,454.9,44247.418,3310.3542,70.17773
Eswatini,SWZ,2021,810.6,9990.435,746.5793,25.015617
Ethiopia,ETH,2021,483.6,2588.413,83.031105,22.106709
Fiji,FJI,2021,893.7,10322.428,754.4535,57.661835
Finland,FIN,2021,335.2,56790.375,5627.6953,73.371025
France,FRA,2021,281.5,52517.336,6443.669,78.73646
Gabon,GAB,2021,532.7,18523.58,517.2786,90.7882
Gambia,GMB,2021,610.4,2777.7961,103.97886,62.75507
Georgia,GEO,2021,628.5,18915.654,1951.3881,59.429356
Germany,DEU,2021,349.8,62630.773,7960.363,81.63258
Ghana,GHA,2021,606.4,6607.503,255.07004,56.695255
Greece,GRC,2021,347.1,33528.227,2997.4297,78.38849
Grenada,GRD,2021,465.1,15290.251,807.8056,36.28316
Guatemala,GTM,2021,438.2,11825.142,870.20905,54.90471
Guinea,GIN,2021,617.6,3738.8052,138.99275,36.85022
Guinea-Bissau,GNB,2021,649.4,2522.1287,191.12209,44.733414
Guyana,GUY,2021,544.6,22865.928,1061.7256,26.443304
Haiti,HTI,2021,823.5,3116.565,112.509445,53.246063
Honduras,HND,2021,556.0,6202.981,575.20984,57.355022
Hungary,HUN,2021,548.8,38887.19,2846.4048,70.205925
Iceland,ISL,2021,299.3,62720.793,5986.982,94.21082
India,IND,2021,553.3,7818.657,269.4188,34.44255
Indonesia,IDN,2021,592.0,12757.074,472.82178,56.87617
Iran (Islamic Republic of),IRN,2021,395.2,15884.428,726.4926,75.99264
Iraq,IRQ,2021,628.4,12731.754,657.9551,69.86827
Ireland,IRL,2021,307.1,116702.86,7594.85,63.67742
Israel,ISR,2021,276.7,46151.1,3792.3323,91.535355
Italy,ITA,2021,284.9,49825.395,4616.572,69.48125
Jamaica,JAM,2021,766.2,10430.691,766.4239,57.541103
Japan,JPN,2021,230.7,45999.46,5358.7026,91.87411
Jordan,JOR,2021,380.9,10056.562,706.80286,92.11797
Kazakhstan,KAZ,2021,594.2,32945.85,1292.9895,61.030254
Kenya,KEN,2021,507.8,5338.8525,243.98169,31.287933
Kiribati,KIR,2021,1100.0,3024.2102,355.97424,59.636463
Kuwait,KWT,2021,301.8,50651.957,2717.955,100.0
Kyrgyzstan,KGZ,2021,527.2,5736.479,308.44376,34.75212
Lao People's Democratic Republic,LAO,2021,687.1,8080.4355,219.49478,37.33878
Latvia,LVA,2021,595.8,36912.01,3457.587,68.18088
Lebanon,LBN,2021,362.6,11599.775,460.94867,89.96536
Lesotho,LSO,2021,934.7,2544.7825,276.32327,40.655174
Liberia,LBR,2021,565.9,1539.2089,204.0292,53.922462
Libya,LBY,2021,531.0,12641.51,765.38965,87.8365
Lithuania,LTU,2021,534.5,45897.37,3543.986,68.191216
Luxembourg,LUX,2021,263.7,136772.44,7734.7397,94.586174
Madagascar,MDG,2021,682.2,1577.4325,56.051785,31.113712
Malawi,MWI,2021,667.2,1687.5936,126.84734,16.488194
Malaysia,MYS,2021,526.4,29822.85,1304.5659,75.508865
Maldives,MDV,2021,824.3,19052.623,1687.0991,40.739864
Mali,MLI,2021,618.3,2796.228,83.18083,29.704964
Malta,MLT,2021,300.5,56823.996,5198.9253,95.514534
Mauritania,MRT,2021,527.2,5836.566,220.63571,57.901535
Mauritius,MUS,2021,566.7,23010.201,1488.7136,39.07715
Mexico,MEX,2021,455.4,20782.588,1221.347,78.9324
Micronesia (Federated States of),FSM,2021,982.4,3955.7314,396.66324,22.392876
Mongolia,MNG,2021,711.5,14792.251,1080.6581,69.215324
Montenegro,MNE,2021,471.2,23689.979,2604.376,65.32661
Morocco,MAR,2021,610.4,8623.266,477.34753,62.31733
Mozambique,MOZ,2021,708.2,1457.2354,126.02778,34.449924
Myanmar,MMR,2021,639.7,5178.4473,274.39886,30.236881
Namibia,NAM,2021,557.0,9709.1,989.9816,49.05719
Nepal,NPL,2021,533.6,4546.2295,251.63303,66.14423
Netherlands (Kingdom of the),NLD,2021,308.1,68573.56,7660.8394,94.62948
New Zealand,NZL,2021,301.8,48202.09,4587.2515,83.82994
Nicaragua,NIC,2021,306.8,7119.169,679.8703,58.859253
Niger,NER,2021,567.4,1587.8479,92.1944,17.229593
Nigeria,NGA,2021,495.5,7588.479,223.85583,60.569855
North Macedonia,MKD,2021,579.2,22144.193,1850.1266,61.684196
Norway,NOR,2021,280.8,92205.77,8760.596,82.86129
Oman,OMN,2021,532.1,38719.457,1682.2391,80.12399
Pakistan,PAK,2021,658.8,5367.2734,160.48997,37.93334
Panama,PAN,2021,341.4,30932.764,2826.3726,65.80923
Papua New Guinea,PNG,2021,660.9,3977.4429,93.07169,14.439835
Paraguay,PRY,2021,455.8,15400.944,1237.5421,67.30586
Peru,PER,2021,336.1,15285.7705,1019.32104,83.94801
Philippines,PHL,2021,868.4,8857.79,529.2535,54.45041
Poland,POL,2021,460.2,41059.586,2607.1682,59.80965
Portugal,PRT,2021,306.6,38657.668,4323.9644,61.095123
Qatar,QAT,2021,479.9,116832.57,3007.4475,99.20341
Republic of Korea,KOR,2021,223.2,51718.25,4308.8735,81.16165
Republic of Moldova,MDA,2021,733.3,15682.07,1200.7834,41.811543
Romania,ROU,2021,571.5,37534.0,2424.5886,52.23215
Russian Federation,RUS,2021,585.2,38638.43,2741.9834,74.751686
Rwanda,RWA,2021,608.5,2776.3928,170.18144,26.10491
Saint Lucia,LCA,2021,466.6,19141.328,1196.0072,27.444345
Saint Vincent and the Grenadines,VCT,2021,537.9,16200.899,852.64246,47.45541
Samoa,WSM,2021,786.5,6350.9277,447.09918,17.567244
Sao Tome and Principe,STP,2021,559.6,5732.6943,450.54034,68.1739
Saudi Arabia,SAU,2021,462.1,62690.496,3249.8186,83.971634
Senegal,SEN,2021,595.8,4173.6772,185.744,52.22603
Serbia,SRB,2021,608.1,23406.307,2149.7366,61.3639
Seychelles,SYC,2021,493.8,29979.828,1260.3082,44.60268
Sierra Leone,SLE,2021,624.6,2849.3887,144.49907,43.73454
Singapore,SGP,2021,223.7,133990.19,6710.3906,100.0
Slovakia,SVK,2021,473.6,38330.305,2918.5466,53.190147
Slovenia,SVN,2021,323.3,45922.664,4372.4775,55.30463
Solomon Islands,SLB,2021,978.5,2450.184,124.60835,28.68894
Somalia,SOM,2021,759.7,1392.3179,35.541676,52.906063
South Africa,ZAF,2021,560.4,13681.955,1188.0154,63.450394
South Sudan,SSD,2021,613.1,,84.087296,20.481112
Spain,ESP,2021,274.2,44251.664,4581.6353,79.78462
Sri Lanka,LKA,2021,405.4,14316.135,725.7872,19.826628
Sudan,SDN,2021,578.5,3248.9756,105.61255,34.642155
Suriname,SUR,2021,452.9,18458.234,918.61444,65.9854
Sweden,SWE,2021,276.6,62190.85,7069.6396,88.174164
Switzerland,CHE,2021,251.0,83524.984,9683.843,84.200645
Syrian Arab Republic,SYR,2021,669.0,4765.5293,160.93459,73.012505
Tajikistan,TJK,2021,550.5,3985.9126,333.82095,26.199152
Thailand,THA,2021,387.2,20236.977,1043.3123,58.508778
Timor-Leste,TLS,2021,561.2,6825.046,335.7422,28.792738
Togo,TGO,2021,686.5,2952.0974,144.60861,42.31059
Tonga,TON,2021,660.8,6930.065,440.3635,21.258003
Trinidad and Tobago,TTO,2021,504.7,30482.121,2015.1055,53.942127
Tunisia,TUN,2021,432.4,12444.326,908.582,69.39975
Turkmenistan,TKM,2021,676.3,16259.87,1099.5482,47.05814
Türkiye,TUR,2021,470.6,32105.547,1387.37,89.17621
Uganda,UGA,2021,566.1,2684.9204,152.1531,29.236296
Ukraine,UKR,2021,629.1,17846.408,1382.2344,69.4027
United Arab Emirates,ARE,2021,432.0,68580.13,3497.4624,85.35719
United Kingdom of Great Britain and Northern Ireland,GBR,2021,342.3,51840.44,6135.992,82.98864
United Republic of Tanzania,TZA,2021,534.4,3493.083,113.03228,34.35001
United States of America,USA,2021,423.6,71441.234,12080.073,80.00748
Uruguay,URY,2021,446.4,29431.873,2625.1963,95.449715
Uzbekistan,UZB,2021,724.8,9705.601,640.62366,50.92699
Vanuatu,VUT,2021,913.9,3546.0803,143.88077,22.250183
Venezuela (Bolivarian Republic of),VEN,2021,569.3,,104.10767,89.17664
Viet Nam,VNM,2021,546.1,12048.902,546.7701,36.654064
Yemen,YEM,2021,662.5,,157.92393,36.070496
Zambia,ZMB,2021,654.9,3503.035,232.58458,44.235374
Zimbabwe,ZWE,2021,810.4,4827.1094,3205.197,37.869205
"occupied Palestinian territory, including east Jerusalem",PSE,2021,557.9,5663.1216,561.00684,86.33495
